-- MySQL dump 10.13  Distrib 8.0.32, for Win64 (x86_64)
--
-- Host: localhost    Database: green cell project
-- ------------------------------------------------------
-- Server version	8.0.32

/*!40101 SET @OLD_CHARACTER_SET_CLIENT=@@CHARACTER_SET_CLIENT */;
/*!40101 SET @OLD_CHARACTER_SET_RESULTS=@@CHARACTER_SET_RESULTS */;
/*!40101 SET @OLD_COLLATION_CONNECTION=@@COLLATION_CONNECTION */;
/*!50503 SET NAMES utf8 */;
/*!40103 SET @OLD_TIME_ZONE=@@TIME_ZONE */;
/*!40103 SET TIME_ZONE='+00:00' */;
/*!40014 SET @OLD_UNIQUE_CHECKS=@@UNIQUE_CHECKS, UNIQUE_CHECKS=0 */;
/*!40014 SET @OLD_FOREIGN_KEY_CHECKS=@@FOREIGN_KEY_CHECKS, FOREIGN_KEY_CHECKS=0 */;
/*!40101 SET @OLD_SQL_MODE=@@SQL_MODE, SQL_MODE='NO_AUTO_VALUE_ON_ZERO' */;
/*!40111 SET @OLD_SQL_NOTES=@@SQL_NOTES, SQL_NOTES=0 */;

--
-- Table structure for table `categories`
--

DROP TABLE IF EXISTS `categories`;
/*!40101 SET @saved_cs_client     = @@character_set_client */;
/*!50503 SET character_set_client = utf8mb4 */;
CREATE TABLE `categories` (
  `Categories_Id` int NOT NULL,
  `Categories_Name` varchar(50) DEFAULT NULL,
  PRIMARY KEY (`Categories_Id`)
) ENGINE=InnoDB DEFAULT CHARSET=utf8mb4 COLLATE=utf8mb4_0900_ai_ci;
/*!40101 SET character_set_client = @saved_cs_client */;

--
-- Dumping data for table `categories`
--

LOCK TABLES `categories` WRITE;
/*!40000 ALTER TABLE `categories` DISABLE KEYS */;
INSERT INTO `categories` VALUES (1,'Endemica'),(2,'Nativa'),(3,'No Definido');
/*!40000 ALTER TABLE `categories` ENABLE KEYS */;
UNLOCK TABLES;

--
-- Table structure for table `classes`
--

DROP TABLE IF EXISTS `classes`;
/*!40101 SET @saved_cs_client     = @@character_set_client */;
/*!50503 SET character_set_client = utf8mb4 */;
CREATE TABLE `classes` (
  `Class_Id` int NOT NULL,
  `Class_Name` varchar(50) DEFAULT NULL,
  PRIMARY KEY (`Class_Id`)
) ENGINE=InnoDB DEFAULT CHARSET=utf8mb4 COLLATE=utf8mb4_0900_ai_ci;
/*!40101 SET character_set_client = @saved_cs_client */;

--
-- Dumping data for table `classes`
--

LOCK TABLES `classes` WRITE;
/*!40000 ALTER TABLE `classes` DISABLE KEYS */;
INSERT INTO `classes` VALUES (1,'Cycadopsida'),(2,'Liliopsida'),(3,'Magnoliopsida'),(4,'Pinopsida');
/*!40000 ALTER TABLE `classes` ENABLE KEYS */;
UNLOCK TABLES;

--
-- Table structure for table `common_names`
--

DROP TABLE IF EXISTS `common_names`;
/*!40101 SET @saved_cs_client     = @@character_set_client */;
/*!50503 SET character_set_client = utf8mb4 */;
CREATE TABLE `common_names` (
  `Com_Name_Id` int NOT NULL,
  `Com_Name` varchar(50) DEFAULT NULL,
  PRIMARY KEY (`Com_Name_Id`)
) ENGINE=InnoDB DEFAULT CHARSET=utf8mb4 COLLATE=utf8mb4_0900_ai_ci;
/*!40101 SET character_set_client = @saved_cs_client */;

--
-- Dumping data for table `common_names`
--

LOCK TABLES `common_names` WRITE;
/*!40000 ALTER TABLE `common_names` DISABLE KEYS */;
INSERT INTO `common_names` VALUES (1,'Sabina'),(2,'Pino'),(3,'Palo de cruz'),(4,'Guáyiga'),(5,'Palo de viento'),(6,'Corozo'),(7,'Catey'),(8,'Manacla colorá'),(9,'Coquito cimarrón'),(10,'Guano de Barrero'),(11,'Guano'),(12,'Guano manso'),(13,'Guanito'),(14,'Yarey'),(15,'Palma de lluvia'),(16,'Guano de costa'),(17,'Manacla'),(18,'Cacheo de Oviedo'),(19,'Cacheo'),(20,'Palma real'),(21,'Cana'),(22,'Guaney'),(23,'Guanillo'),(24,'Yerba blanca'),(25,'Guajaca'),(26,'barba de viejo'),(27,'Pitahaya'),(28,'Tuna'),(29,'Cayuco'),(30,'Cagüey'),(31,'Bombillito'),(32,'Bombilla'),(33,'Melón espinoso'),(34,'Tuna'),(35,'Rosa de Bánica'),(36,'Camelia roja'),(37,'Rosa de Bayahíbe'),(38,'Flor de baile'),(39,'Aguacate cimarrón'),(40,'Bejuco prieto'),(41,'Pringa leche'),(42,'Avellana'),(43,'Tamarindo cimarrón'),(44,'Palo brasil'),(45,'Cola'),(46,'Flamboyán amarillo'),(47,'Cóbana negra'),(48,'Granolito'),(49,'Samancito'),(50,'Palo de bolo'),(51,'Zarza'),(52,'Acacia'),(53,'Cocuyo'),(54,'Palo de leche'),(55,'Palo de gusano'),(56,'Alelí'),(57,'Palo de leche'),(58,'Nogal'),(59,'Mangle amarillo'),(60,'Cordia'),(61,'Té de plata'),(62,'Té marino'),(63,'Maga'),(64,'Maguey'),(65,'Maguey'),(66,'Pita'),(67,'Maguey'),(68,'Cabuya'),(69,'Guanabanita'),(70,'Mamón de perro'),(71,'Candongo'),(72,'Ébano'),(73,'Caimoní'),(74,'Ebano'),(75,'Tabaco'),(76,'Ébano verde'),(77,'Ceiba'),(78,'Palo de yagua'),(79,'Pata de perro'),(80,'Grí-grí'),(81,'Mangle botón'),(82,'Mangle blanco'),(83,'Flor de agua (Cuba)'),(84,'Escobón'),(85,'Canelilla'),(86,'Canelilla'),(87,'Malagueta'),(88,'Ozua'),(89,'Managuá'),(90,'Slender Pinepink'),(91,'Flor de Pasmo'),(92,'Bletia común'),(93,'Pinepink'),(94,'Palmita de Monte'),(95,'Sherring´s cup orchid'),(96,'Brassia Araña'),(97,'Cricket Orchid'),(98,'Flor de Mayo'),(99,'King Orchid'),(100,'Cañuela'),(101,'Crooked Spur Orchid'),(102,'Ribbon Orchid'),(103,'Cochleanthes de abanico'),(104,'Comparettia Rosada'),(105,'Snail Orchid'),(106,'Moss Loving Cranichis'),(107,'Cypress-Knee Helmet Orchid'),(108,'Puerto Rico Helmet Orchid'),(109,'Speckled Ladies Tresses'),(110,'Cañuela'),(111,'Piñuela'),(112,'Cowhorn Orchid'),(113,'Abejitas'),(114,'Jingle Bell Orchid'),(115,'Needleroot Orchid'),(116,'Mountain Leafystem Orchid'),(117,'Swartz´s Leafystem Orchid'),(118,'False Tiger Orchid'),(119,'Spurred Neottia'),(120,'Longclaw Orchid'),(121,'Encyclia Grávida'),(122,'Heavyfruit Butterfly Orchid'),(123,'Epidendrum nocturno'),(124,'Night Fragrant Epidendrum'),(125,'Tropical Govenia'),(126,'Habenaria alada'),(127,'Winged Bog Orchid'),(128,'Habenaria Arrosetada'),(129,'False Water Spider'),(130,'Hammock Bog Orchid'),(131,'Habenaria Grande'),(132,'Woodland Bog Orchid'),(133,'Michaux´s Orchis'),(134,'Habenaria Acuática'),(135,'Water Spider Orchid'),(136,'Ionopsis Delicado'),(137,'Delicate Violet Orchid'),(138,'Delicate Ionopsis'),(139,'Jacquiniella Globosa'),(140,'Redblotch Tufted Orchid'),(141,'Cahiman marron'),(142,'Mamón de perro'),(143,'Magueyito'),(144,'Piña de tierra'),(145,'Raton'),(146,'Cacatica'),(147,'Bejuco de lombriz'),(148,'Maricao'),(149,'Peralejo'),(150,'Piragua'),(151,'Maricao'),(152,'Peralejo'),(153,'Guarapo'),(154,'Quatre chemins'),(155,'Puntilla'),(156,'Caimonicillo'),(157,'Cuerno de buey'),(158,'Hicaquillo'),(159,'Mora'),(160,'Fustete'),(161,'Palo de mora'),(162,'Palo amarillo'),(163,'Campanita'),(164,'Resinosa'),(165,'Cedro'),(166,'Caoba'),(167,'Guaconejo'),(168,'Espinillo'),(169,'Cotoperí'),(170,'Cuchiflichi'),(171,'Aceituna'),(172,'Juan primero'),(173,'Daguilla'),(174,'Olivo'),(175,'Roble'),(176,'Roble azul'),(177,'Roble de olor'),(178,'Roble dulce'),(179,'Roblillo'),(180,'Abey'),(181,'Aceituno'),(182,'Capaillo'),(183,'Mira cielo'),(184,'Palo de yuca'),(185,'Bejuco canela'),(186,'Olivo'),(187,'Mata gallina'),(188,'Mamey'),(189,'Mirliton marrón'),(190,'Calabacín'),(191,'Calabacito de olor'),(192,'Pepino cimarrón'),(193,'Roseta'),(194,'Mala mujer'),(195,'Helecho macho');
/*!40000 ALTER TABLE `common_names` ENABLE KEYS */;
UNLOCK TABLES;

--
-- Table structure for table `conservation_status`
--

DROP TABLE IF EXISTS `conservation_status`;
/*!40101 SET @saved_cs_client     = @@character_set_client */;
/*!50503 SET character_set_client = utf8mb4 */;
CREATE TABLE `conservation_status` (
  `Cons_Status_Id` int NOT NULL,
  `Cons_Status_Name` varchar(2) DEFAULT NULL,
  PRIMARY KEY (`Cons_Status_Id`)
) ENGINE=InnoDB DEFAULT CHARSET=utf8mb4 COLLATE=utf8mb4_0900_ai_ci;
/*!40101 SET character_set_client = @saved_cs_client */;

--
-- Dumping data for table `conservation_status`
--

LOCK TABLES `conservation_status` WRITE;
/*!40000 ALTER TABLE `conservation_status` DISABLE KEYS */;
INSERT INTO `conservation_status` VALUES (1,'PC'),(2,'VU'),(3,'EP');
/*!40000 ALTER TABLE `conservation_status` ENABLE KEYS */;
UNLOCK TABLES;

--
-- Table structure for table `families`
--

DROP TABLE IF EXISTS `families`;
/*!40101 SET @saved_cs_client     = @@character_set_client */;
/*!50503 SET character_set_client = utf8mb4 */;
CREATE TABLE `families` (
  `Family_Id` int NOT NULL,
  `Order_Id` int NOT NULL,
  `Family_Name` varchar(50) DEFAULT NULL,
  PRIMARY KEY (`Family_Id`),
  KEY `FK_Families_Orders` (`Order_Id`),
  CONSTRAINT `FK_Families_Orders` FOREIGN KEY (`Order_Id`) REFERENCES `orders` (`Order_Id`)
) ENGINE=InnoDB DEFAULT CHARSET=utf8mb4 COLLATE=utf8mb4_0900_ai_ci;
/*!40101 SET character_set_client = @saved_cs_client */;

--
-- Dumping data for table `families`
--

LOCK TABLES `families` WRITE;
/*!40000 ALTER TABLE `families` DISABLE KEYS */;
INSERT INTO `families` VALUES (1,6,'Apiaceae'),(2,6,'Araliaceae'),(3,2,'Arecaceae'),(4,4,'Asparagaceae'),(5,4,'Orchidaceae'),(6,7,'Asteraceae'),(7,21,'Schisandraceae'),(8,17,'Cordiaceae'),(9,17,'Heliotropiaceae'),(10,20,'Canellaceae'),(11,37,'Cactaceae'),(12,37,'Nyctaginaceae'),(13,37,'Plumbaginaceae'),(14,37,'Polygonaceae'),(15,8,'Celastraceae'),(16,34,'Loasaceae'),(17,33,'Cucurbitaceae'),(18,35,'Cyatheaceae'),(19,1,'Zamiaceae'),(20,11,'Sapotaceae'),(21,11,'Primulaceae'),(22,11,'Pentaphylacaceae'),(23,13,'Fabaceae'),(24,15,'Juglandaceae'),(25,14,'Apocynaceae'),(26,14,'Rubiaceae'),(28,9,'Icacinaceae'),(29,16,'Acanthaceae'),(30,16,'Lamiaceae'),(31,16,'Lentibulariaceae'),(32,16,'Bignoniaceae'),(33,16,'Scrophulariaceae'),(34,16,'Lauraceae'),(35,16,'Hernandiaceae'),(36,19,'Annonaceae'),(37,19,'Magnoliaceae'),(38,19,'Euphorbiaceae'),(39,19,'Malpighiaceae'),(40,19,'Chrysobalanaceae'),(41,19,'Clusiaceae'),(42,19,'Calophyllaceae'),(43,19,'Salicaceae'),(44,22,'Malvaceae'),(45,10,'Metteniusaceae'),(46,23,'Combretaceae'),(47,23,'Lythraceae'),(48,23,'Melastomataceae'),(49,23,'Myrtaceae'),(50,36,'Cupressaceae'),(51,36,'Pinaceae'),(52,36,'Podocarpaceae'),(53,25,'Piperaceae'),(54,3,'Bromeliaceae'),(55,24,'Nelumbonaceae'),(56,26,'Menispermaceae'),(57,27,'Rhamnaceae'),(58,27,'Moraceae'),(59,27,'Chimarrhis cymosa jacq.'),(60,29,'Burseraceae'),(61,29,'Meliaceae'),(62,29,'Rutaceae'),(63,29,'Sapindaceae'),(64,29,'Simarobaceae'),(65,32,'Solanaceae'),(66,28,'Vitaceae'),(67,31,'Zygophyllaceae');
/*!40000 ALTER TABLE `families` ENABLE KEYS */;
UNLOCK TABLES;

--
-- Table structure for table `genera`
--

DROP TABLE IF EXISTS `genera`;
/*!40101 SET @saved_cs_client     = @@character_set_client */;
/*!50503 SET character_set_client = utf8mb4 */;
CREATE TABLE `genera` (
  `Genus_Id` int NOT NULL,
  `Family_Id` int NOT NULL,
  `Genus_Name` varchar(50) DEFAULT NULL,
  PRIMARY KEY (`Genus_Id`),
  KEY `FK_Genera_Families` (`Family_Id`),
  CONSTRAINT `FK_Genera_Families` FOREIGN KEY (`Family_Id`) REFERENCES `families` (`Family_Id`)
) ENGINE=InnoDB DEFAULT CHARSET=utf8mb4 COLLATE=utf8mb4_0900_ai_ci;
/*!40101 SET character_set_client = @saved_cs_client */;

--
-- Dumping data for table `genera`
--

LOCK TABLES `genera` WRITE;
/*!40000 ALTER TABLE `genera` DISABLE KEYS */;
INSERT INTO `genera` VALUES (1,29,'Avicennia L.'),(2,36,'Annona L.'),(3,1,'Pedinopetalum Urb. & H.Wolff'),(4,25,'Cameraria L.'),(5,25,'Plumeria Tourn. ex L.'),(6,25,'Rauvolfia L.'),(7,2,'Aralia L.'),(8,2,'Dendropanax Decne. & Planch.'),(9,2,'Schefflera J.R.Forst. & G.Forst.'),(10,3,'Acrocomia Mart.'),(11,3,'Bactris Jacq. ex Scop.'),(12,3,'Calyptronoma Griseb.'),(13,3,'Coccothrinax Sarg.'),(14,3,'Copernicia Mart. ex Endl.'),(15,3,'Gaussia H.Wendl.'),(16,3,'Leucothrinax morrisii C.Lewis & Zona'),(17,3,'Prestoea Hook.f.'),(18,3,'Pseudophoenix H.Wendl. ex Sarg.'),(19,3,'Reinhardtia Liebm.'),(20,3,'Roystonea O.F.Cook'),(21,3,'Sabal Adans.'),(22,3,'Thrinax L.f. ex Sw.'),(23,3,'Zombia L.H.Bailey'),(24,3,'Phania DC.'),(25,4,'Agave L.'),(26,4,'Furcraea Vent.'),(27,6,'Chaptalia Vent.'),(28,6,'Chromolaena DC.'),(29,6,'Elekmania B.Nord.'),(30,6,'Erigeron L.'),(31,6,'Koanophyllon Arruda'),(32,6,'Gnaphalium L.'),(33,6,'Gundlachia A.Gray'),(34,6,'Nesampelos B.Nord.'),(35,6,'Herodotia Urb. & Ekman'),(36,6,'Ekmaniopappus Borhidi'),(37,6,'Mikania Willd.'),(38,6,'Salcedoa Jiménez Rodr. & Katinas'),(39,6,'Ignurbia B.Nord.'),(40,32,'Catalpa Scop.'),(41,32,'Ekmanianthe Urb.'),(42,32,'Jacaranda'),(43,32,'Spirotecoma (Baill.) Dalla Torre & Harms'),(44,32,'Tabebuia Gomes ex DC.'),(45,32,'Tecoma'),(46,32,'Tynanthus Miers'),(47,54,'Tillandsia L.'),(48,60,'Bursera Jacq. ex L.'),(49,11,'Consolea Lem.'),(50,11,'Leptocereus (A.Berger) Britton & Rose'),(51,11,'Mammillaria Haw.'),(52,11,'Melocactus Link & Otto'),(53,11,'Opuntia Mill.'),(54,11,'Leuenbergeria Lodé'),(55,11,'Selenicereus (Berger) Britton & Rose'),(56,42,'Mammea L.'),(57,10,'Canella P.Br.'),(58,10,'Cinnamodendron Endl.'),(59,10,'Pleodendron Tiegh.'),(60,15,'Pristimera Miers'),(61,59,'Maclura Nutt.'),(62,40,'Hirtella L.'),(63,41,'Garcinia L.'),(64,46,'Terminalia L.'),(65,46,'Conocarpus L.'),(66,46,'Laguncularia C.F.Gaertn.'),(67,8,'Cordia L.'),(68,17,'Cucurbita L.'),(69,17,'Cayaponia Silva Manso'),(70,17,'Penelopeia Urb.'),(71,17,'Sicana Naudin'),(72,17,'Linnaeosicyos H.Schaef. & Kocyan'),(73,50,'Junipeurs L.'),(74,18,'Alsophila R.Br.'),(75,18,'Cyathea J.E.Sm.'),(76,18,'Sphaeropteris Bernh.'),(77,38,'Cnidoscolus Pohl'),(78,38,'Euphorbia L.'),(79,38,'Garciadelia Jestrow & Jiménez Rodr.'),(80,38,'Omphalea L.'),(81,23,'Parkinsonia Plum. ex L.'),(82,23,'Albizia Durazz.'),(83,23,'Arcoa Urb.'),(84,23,'Abarema Pittier'),(85,23,'Caesalpinia Plum. ex L.'),(86,23,'Denisophytum R.Vig.'),(87,23,'Caesalpinia domingensis Urb.'),(88,23,'Cenostigma Tul.'),(89,23,'Caesalpinia'),(90,23,'Mora R.H.Schomb. ex Benth.'),(91,23,'Peltophorum (Vogel) Benth.'),(92,23,'Senna Mill.'),(93,23,'Libidibia Schltdl.'),(94,23,'Zapoteca H.M.Hern.'),(95,23,'Chloroleucon (Benth.) Record'),(96,23,'Cojoba Britton & Rose'),(97,23,'Mimosa L.'),(98,23,'Vachellia Wight & Arn.'),(99,23,'Calopogonium Desv.'),(100,9,'Heliotropium L.'),(101,9,'Tournefortia L.'),(102,35,'Hernandia L.'),(103,28,'Mappia Jacq.'),(104,24,'Juglans L.'),(105,30,'Salvia L.'),(106,30,'Pseudocarpidium Millsp.'),(107,30,'Vitex L.'),(108,34,'Aiouea Aubl.'),(109,34,'Nectandra Rol. ex Rottb.'),(110,31,'Pinguicula L.'),(111,16,'Fuertesia Urb.'),(112,47,'Ginoria Jacq.'),(113,37,'Magnolia Plum. ex L.'),(114,39,'Byrsonima Rich. ex Kunth'),(115,44,'Ceiba Mill.'),(116,44,'Akrosida Fryxell & Fuertes'),(117,44,'Hibiscus L.'),(118,44,'Malachra L.'),(119,44,'Phymosia Desv.'),(120,44,'Thespesia Sol. ex Corrêa'),(121,44,'Waltheria L.'),(122,48,'Miconia Ruiz & Pav.'),(123,48,'Graffenrieda DC.'),(124,61,'Cedrela P.Browne'),(125,61,'Guarea L.'),(126,61,'Swietenia Jacq.'),(127,56,'Hyperbaena Miers ex Benth.'),(128,45,'Ottoschulzia Urb.'),(129,58,'Dorstenia Plum. ex L.'),(130,49,'Calyptrogenia Burret'),(131,49,'Eugenia P.Micheli ex L.'),(132,49,'Pimenta Lindl.'),(133,49,'Mosiera Small'),(134,49,'Myrcia DC. ex Guill.'),(135,49,'Psidium L.'),(136,55,'Nelumbo Adans.'),(137,12,'Guapira Aubl.'),(138,12,'Pisonia L.'),(139,5,'Acianthera Scheidw.'),(140,5,'Anathallis Barb.Rodr.'),(141,5,'Specklinia Lindl.'),(142,5,'Barbosella Schltr.'),(143,5,'Beloglottis Schltr.'),(144,5,'Bletia Ruiz & Pav.'),(145,5,'Brachionidium Lindl.'),(146,5,'Brassia R.Br.'),(147,5,'Broughtonia R.Br.'),(148,5,'Calanthe R.Br.'),(149,5,'Campylocentrum Benth.'),(150,5,'Cochleanthes Raf.'),(151,5,'Comparettia Poepp. & Endl.'),(152,5,'Corallorhiza Gagnebin'),(153,5,'Corymborkis Thouars'),(154,5,'Cranichis Sw.'),(155,5,'Cyclopogon C.Presl'),(156,5,'Cyrtochilum'),(157,5,'Dendrophylax Rchb.f.'),(158,5,'Dichaea Lindl.'),(159,5,'Dilomilis Raf.'),(160,5,'Elleanthus C.Presl'),(161,5,'Eltroplectris Raf.'),(162,5,'Encyclia Hook.'),(163,5,'Epidendrum L.'),(164,5,'Eurystyles Wawra'),(165,5,'Fuertesiella Schltr.'),(166,5,'Galeandra Lindl.'),(167,5,'Goodyera R.Br.'),(168,5,'Govenia Lindl.'),(169,5,'Habenaria Willd.'),(170,5,'Hapalorchis Schltr.'),(171,5,'Sudamerlycaste Archila'),(172,5,'Ionopsis Kunth'),(173,5,'Jacquiniella'),(174,5,'Lankesterella Ames'),(175,5,'Lepanthes Sw.'),(176,5,'Lepanthopsis (Cogn.) Ames'),(177,5,'Liparis Rich.'),(178,5,'Macradenia R.Br.'),(179,5,'Malaxis Sol. ex Sw.'),(180,5,'Maxillaria Ruiz & Pav.'),(181,5,'Mesadenus Schltr.'),(182,5,'Microchilus C.Presl'),(183,5,'Nidema Britton & Millsp.'),(184,5,'Pelexia Poit. ex Lindl.'),(185,5,'Homalopetalum Rolfe'),(186,5,'Aspidogyne Garay'),(187,5,'Pleurothallis R.Br.'),(188,5,'Stelis Sw.'),(189,5,'Polystachya Hook.'),(190,5,'Ponthieva R.Br.'),(191,5,'Prescottia Lindl.'),(192,5,'Prosthechea Knowles & Westc.'),(193,5,'Pseudocentrum Lindl.'),(194,5,'Psilochilus Barb.Rodr.'),(195,5,'Psychilis Raf.'),(196,5,'Quisqueya Dod'),(197,5,'Sacoila Raf.'),(198,5,'Scaphyglottis Poepp. & Endl.'),(199,5,'Greenwoodiella Salazar, Hern.-López & J.Sharma'),(200,5,'Schiedeella Schltr.'),(201,5,'Spiranthes Rich.'),(202,5,'Stanhopea Frost ex Hook.'),(203,5,'Stelidium Schltr.'),(204,5,'Tetramicra Lindl.'),(205,5,'Warrea Rchb.f.'),(206,5,'Xylobium Salisb.'),(207,5,'Zygopetalum Hook.'),(208,51,'Pinus L.'),(209,5,'Tolumnia Raf.'),(210,52,'Podocarpus L`Hér. ex Pers.'),(211,19,'Zamai L.'),(212,20,'Manilkara Adans.'),(213,20,'Pouteria Aubl.'),(214,20,'Sideroxylon L.'),(215,7,'Illicium L.'),(216,5,'Stenorrhynchos Rich. ex Spreng.'),(217,5,'Telipogon Kunth'),(218,5,'Trichosalpinx Luer'),(219,5,'Triphora Nutt.'),(220,5,'Tropidia Lindl.'),(221,5,'Vanilla Plum. ex Mill.'),(222,5,'Wullschlaegelia Rchb.f.'),(223,5,'Xylobium Lindl.'),(224,5,'Zootrophion Luer'),(225,53,'Piper L.'),(226,13,'Limonium Mill.'),(227,14,'Coccoloba P.Browne'),(228,14,'Leptogonum Benth.'),(229,21,'Ardisia Sw.'),(230,21,'Vegaea Urb.'),(231,21,'Wallenia Sw.'),(232,57,'Colubrina Rich. ex Brongn.'),(233,57,'Karwinskia Zucc.'),(234,57,'Reynosia Griseb.'),(235,57,'Sarcomphalus P.Browne'),(236,66,'Cissus L.'),(237,26,'Stenostomum C.F.Gaertn.'),(238,26,'Chimarrhis Jacq.'),(239,26,'Cubanola Aiello'),(240,26,'Guettarda L.'),(241,26,'Isidorea A.Rich. ex DC.'),(242,26,'Phialanthus Griseb.'),(243,62,'Amyris P.Browne'),(244,62,'Plethadenia Urb.'),(245,62,'Zanthoxylum L.'),(246,63,'Melicoccus P.Browne'),(247,64,'Picrasma Blume'),(248,64,'Simarouba Aubl.'),(249,64,'Huertea Ruiz & Pav.'),(250,67,'Guaiacum Plum. ex L.'),(251,33,'Bontia L.'),(252,65,'Acnistus Schott'),(253,65,'Cestrum L.'),(254,65,'Coeloneurum Radlk.'),(255,65,'Cuatresia Hunz.'),(256,65,'Goetzea Wydler'),(257,65,'Solanum L.'),(259,22,'Cleyera'),(260,43,'Banara Aubl.'),(261,43,'Xylosma J.R.Forst. & G.Forst.');
/*!40000 ALTER TABLE `genera` ENABLE KEYS */;
UNLOCK TABLES;

--
-- Table structure for table `modification`
--

DROP TABLE IF EXISTS `modification`;
/*!40101 SET @saved_cs_client     = @@character_set_client */;
/*!50503 SET character_set_client = utf8mb4 */;
CREATE TABLE `modification` (
  `Modification_id` int NOT NULL,
  `Plant_Id` int NOT NULL,
  `User_Id` int NOT NULL,
  PRIMARY KEY (`Modification_id`),
  KEY `FK_Modification_Users` (`User_Id`),
  KEY `FK_Modification_Plants` (`Plant_Id`),
  CONSTRAINT `FK_Modification_Plants` FOREIGN KEY (`Plant_Id`) REFERENCES `plants` (`Plant_Id`),
  CONSTRAINT `FK_Modification_Users` FOREIGN KEY (`User_Id`) REFERENCES `users` (`User_Id`)
) ENGINE=InnoDB DEFAULT CHARSET=utf8mb4 COLLATE=utf8mb4_0900_ai_ci;
/*!40101 SET character_set_client = @saved_cs_client */;

--
-- Dumping data for table `modification`
--

LOCK TABLES `modification` WRITE;
/*!40000 ALTER TABLE `modification` DISABLE KEYS */;
/*!40000 ALTER TABLE `modification` ENABLE KEYS */;
UNLOCK TABLES;

--
-- Table structure for table `orders`
--

DROP TABLE IF EXISTS `orders`;
/*!40101 SET @saved_cs_client     = @@character_set_client */;
/*!50503 SET character_set_client = utf8mb4 */;
CREATE TABLE `orders` (
  `Order_Id` int NOT NULL,
  `Class_Id` int NOT NULL,
  `Order_Name` varchar(50) DEFAULT NULL,
  PRIMARY KEY (`Order_Id`),
  KEY `FK_Orders_Classes` (`Class_Id`),
  CONSTRAINT `FK_Orders_Classes` FOREIGN KEY (`Class_Id`) REFERENCES `classes` (`Class_Id`)
) ENGINE=InnoDB DEFAULT CHARSET=utf8mb4 COLLATE=utf8mb4_0900_ai_ci;
/*!40101 SET character_set_client = @saved_cs_client */;

--
-- Dumping data for table `orders`
--

LOCK TABLES `orders` WRITE;
/*!40000 ALTER TABLE `orders` DISABLE KEYS */;
INSERT INTO `orders` VALUES (1,1,'Cycadales'),(2,2,'Arecales'),(3,2,'Poales'),(4,2,'Asparagales'),(6,3,'Apiales'),(7,3,'Asterales'),(8,3,'Celastrales'),(9,3,'Icacinales'),(10,3,'Metteniusales'),(11,3,'Ericales'),(12,3,'Malpighiales'),(13,3,'Fabales'),(14,3,'Gentianales'),(15,3,'Fagales'),(16,3,'Lamiales'),(17,3,'Boraginales'),(18,3,'Laurales'),(19,3,'Magnoliales'),(20,3,'Canellales'),(21,3,'Austrobaileyales'),(22,3,'Malvales'),(23,3,'Myrtales'),(24,3,'Proteales'),(25,3,'Piperales'),(26,3,'Ranunculales'),(27,3,'Rosales'),(28,3,'Vitales'),(29,3,'Sapindales'),(30,3,'Huerteales'),(31,3,'Zygophyllales'),(32,3,'Solanales'),(33,3,'Cucurbitaceae'),(34,3,'Cornales'),(35,3,'Cyatheales'),(36,4,'Pinophyta'),(37,3,'Caryophyllales');
/*!40000 ALTER TABLE `orders` ENABLE KEYS */;
UNLOCK TABLES;

--
-- Table structure for table `plants`
--

DROP TABLE IF EXISTS `plants`;
/*!40101 SET @saved_cs_client     = @@character_set_client */;
/*!50503 SET character_set_client = utf8mb4 */;
CREATE TABLE `plants` (
  `Plant_Id` int NOT NULL,
  `Categories_Id` int NOT NULL,
  `Cons_Status_Id` int NOT NULL,
  `Genus_Id` int NOT NULL,
  `Plant_Scient_Name` varchar(150) DEFAULT NULL,
  `Species_Name` varchar(150) DEFAULT NULL,
  PRIMARY KEY (`Plant_Id`),
  KEY `FK_Plants_Conservation_Status` (`Cons_Status_Id`),
  KEY `FK_Plants_Genera` (`Genus_Id`),
  KEY `FK_Plants_Categories` (`Categories_Id`),
  CONSTRAINT `FK_Plants_Categories` FOREIGN KEY (`Categories_Id`) REFERENCES `categories` (`Categories_Id`),
  CONSTRAINT `FK_Plants_Conservation_Status` FOREIGN KEY (`Cons_Status_Id`) REFERENCES `conservation_status` (`Cons_Status_Id`),
  CONSTRAINT `FK_Plants_Genera` FOREIGN KEY (`Genus_Id`) REFERENCES `genera` (`Genus_Id`)
) ENGINE=InnoDB DEFAULT CHARSET=utf8mb4 COLLATE=utf8mb4_0900_ai_ci;
/*!40101 SET character_set_client = @saved_cs_client */;

--
-- Dumping data for table `plants`
--

LOCK TABLES `plants` WRITE;
/*!40000 ALTER TABLE `plants` DISABLE KEYS */;
INSERT INTO `plants` VALUES (162,1,1,73,'Juniperus gracilior var. ekmanii','Juniperus gracilior Pilg.'),(163,1,1,73,'Juniperus gracilior var. gracilior','Juniperus gracilior Pilg.'),(164,1,1,73,'Juniperus gracilior var. urbaniana (Pilg. & Ekman) R.P.Adams','Juniperus gracilior Pilg.'),(165,1,2,208,'Pinus occidentalis','Pinus occidentalis'),(166,2,2,210,'Podocarpus aristulatus Parl.','Podocarpus aristulatus Parl.'),(167,1,1,210,'Podocarpus hispaniolensis de Laub.','Podocarpus hispaniolensis de Laub.'),(168,2,2,211,'Zamia pumila L.','Zamia pumila L.'),(169,1,1,3,'Pedinopetalum domingense Urb. & H.Wolff','Pedinopetalum domingense Urb. & H.Wolff'),(170,2,1,7,'Aralia excelsa (Griseb.) J. Wen','Aralia excelsa (Griseb.) J. Wen'),(171,1,1,8,'Dendropanax selleanus (Urb. & Ekman) A.C. Sm.','Dendropanax selleanus (Urb. & Ekman) A.C.Sm.'),(172,1,1,9,'Schefflera tremula (Krug & Urb.) Alain','Schefflera tremula (Krug & Urb.) Alain'),(173,1,1,10,'Acrocomia aculeata (Jacq.) Lodd. ex Mart.','Acrocomia aculeata (Jacq.) Lodd. ex Mart.'),(174,1,3,11,'Bactris plumeriana Mart.','Bactris plumeriana Mart.'),(175,2,1,12,'Calyptrogyne plumeriana (Mart.) Roncal','Calyptronoma plumeriana (Mart.) Lourteig'),(176,2,3,12,'Calyptrogyne rivalis (O.F. Cook) León','Calyptronoma rivalis (O.F.Cook) L.H.Bailey'),(177,2,2,13,'Coccothrinax barbadensis (Lodd. ex Mart.) Becc.','Coccothrinax barbadensis (Lodd. ex Mart.) Becc.'),(178,1,3,13,'Coccothrinax boschiana M.M.Mejía & R.G.García','Coccothrinax boschiana M.M.Mejía & R.G.García'),(179,1,2,13,'Coccothrinax ekmanii (Burret) Bailey','Coccothrinax ekmanii Burret'),(180,1,3,13,'Coccothrinax gracilis Burret','Coccothrinax gracilis Burret'),(181,1,1,13,'Coccothrinax montana Burret','Coccothrinax montana Burret'),(182,1,1,13,'Coccothrinax scoparia Becc','Coccothrinax scoparia Becc.'),(183,1,1,13,'Coccothrinax spissa Bailey','Coccothrinax spissa L.H.Bailey'),(184,1,1,14,'Copernicia berteroana Becc','Copernicia berteroana Becc.'),(185,2,1,15,'Gaussia attenuata (O.F. Cook.) Becc.','Gaussia attenuata (O.F.Cook) Becc.'),(186,2,1,16,'Leucothrinax morrisii Wendl','Leucothrinax morrisii (H.Wendl.) C.Lewis & Zona'),(187,2,2,17,'Prestoea montana (Graham) G.Nicholson','Prestoea acuminata (Willd.) H.E.Moore'),(188,1,3,18,'Pseudophoenix ekmanii Burret','Pseudophoenix ekmanii Burret'),(189,2,3,18,'Pseudophoenix sargentii var. saonae (O.F.Cook) Read','Pseudophoenix sargentii H.Wendl. ex Sarg.'),(190,1,1,18,'Pseudophoenix vinifera (Mart.) Becc.','Pseudophoenix vinifera (Mart.) Becc.'),(191,1,1,19,'Reinhardtia paiewonskiana Read, Zanoni & M.M.Mejía','Reinhardtia paiewonskiana Read, Zanoni & M.M.Mejía'),(192,2,2,20,'Roystonea borinquena O.F. Cook','Roystonea borinquena O.F. Cook'),(193,2,1,21,'Sabal causiarum (O.F. Cook.) Beec.','Sabal causiarum (O.F.Cook) Becc.'),(194,1,3,21,'Sabal domingensis Becc.','Sabal domingensis Becc.'),(195,2,3,22,'Thrinax radiata Lodd. ex Schult. & Schult.f.','Thrinax radiata Lodd. ex Schult. & Schult.f.'),(196,1,1,23,'Zombia antillarum (Descourt.) L.H.Bailey','Zombia antillarum (Descourt.) L.H.Bailey'),(197,2,1,24,'Ageratum domingense Spreng','Ageratum domingense Spreng.'),(198,1,1,27,'Chaptalia eggersii Urb.','Chaptalia eggersii Urb.'),(199,1,1,27,'Chaptalia vegaensis Urb. & Ekman','Chaptalia vegaensis Urb. & Ekman'),(200,1,1,28,'Chromolaena heterosquamea (Urb. & Ekman) R.King & H.Rob.','Eupatorium heterosquameum Urb. & Ekman'),(201,1,3,29,'Elekmania buchii (Urb.) B. Nord','Elekmania buchii (Urb.) B. Nord'),(202,1,1,30,'Erigeron domingensis Urb','Erigeron domingensis Urb.'),(203,1,1,30,'Erigeron fuertesii Urb.','Erigeron fuertesii Urb.'),(204,1,1,30,'Erigeron ocoensis Urb. & Ekman','Erigeron ocoensis Urb. & Ekman'),(205,1,1,30,'Erigeron psilocaulis Urb','Erigeron psilocaulis Urb. & Ekman'),(206,1,1,30,'Erigeron subalpinus Urb','Erigeron subalpinus Urb.'),(207,1,1,30,'Erigeron tuerckheimii Urb','Erigeron tuerckheimii Urb'),(208,1,1,30,'Erigeron vegaensis Urb.','Erigeron vegaensis Urb.'),(209,1,1,31,'Eupatorium constanzae Urb.','Koanophyllon constanzae (Urb.) H.Rob.'),(210,1,1,32,'Gnaphalium rosillense Urb','Gnaphalium rosillense Urb.'),(211,1,1,33,'Gundlachia domingensis ssp. ocoana (Spreng) A. Gray','Gundlachia domingensis (Spreng.) A.Gray'),(212,1,1,33,'Gundlachia ocoana Urb. & Ekm.','Gundlachia corymbosa (Urb.) Britton ex Bold.'),(213,1,1,34,'Herodotia alainii Jiménez','Nesampelos alainii (J.Jiménez Alm.) B.Nord.'),(214,1,1,35,'Herodotia haitiensis Urb. Ekm','Herodotia haitiensis Urb. & Ekman'),(215,1,1,36,'Herodotia mikanioides Urb. & Ekm.','Ekmaniopappus mikanioides (Urb. & Ekman) Borhidi'),(216,1,1,37,'Mikania cyanosma Urb. & Ekm','Mikania cyanosma Urb. & Ekman'),(217,1,1,37,'Mikania platyloba Urb. & Ekm','Mikania platyloba Urb. & Ekman'),(218,1,1,37,'Mikania producta Urb. & Ekm','Mikania producta Urb. & Ekman'),(219,1,1,38,'Salcedoa mirabaliarum F. Jiménez & L. Katinas','Salcedoa mirabaliarum Jiménez Rodr. & Katinas'),(220,1,3,39,'Senecio constanzae Urb.','Senecio constanzae Urb.'),(221,1,1,29,'Senecio samanensis Urb','Senecio samanensis Urb'),(222,1,1,47,'Tillandsia ariza-juliae Smith & Jiménez','Tillandsia ariza-juliae L.B.Sm. & Jiménez'),(223,1,1,47,'Tillandsia moscosoi Smith','Tillandsia moscosoi L.B.Sm. & Jiménez'),(224,2,3,47,'Tillandsia pruinosa Swartz','Tillandsia pruinosa Sw.'),(225,2,2,47,'Tillandsia usneoides L.','Tillandsia usneoides (L.) L.'),(226,1,1,49,'Consolea falcata (Ekman & Werderm.) F.M. Knuth','Consolea falcata (Ekman & Werderm) F.M.Knuth'),(227,2,3,49,'Consolea nashii (Britton) A. Berger','Consolea nashii A.Berger'),(228,1,3,49,'Consolea picardae (Urb.) Areces','Consolea picardae (Urb.) Areces'),(229,1,3,50,'Dendrocereus undulosus (DC.) Briton & Rose','Leptocereus undulosus (DC.) D.Barrios & Majure'),(230,1,3,50,'Leptocereus paniculatus (Lam.) D.R. Hunt','Leptocereus paniculatus (Lam.) D.R.Hunt'),(231,2,2,51,'Mammillaria prolifera ssp. haitiensis (Mill) Haw.','Cactus prolifer Mill.'),(232,1,3,52,'Melocactus intortus subsp. dominguensis Areces','Melocactus intortus (Mill.) Urb.'),(233,1,2,52,'Melocactus lemairei (Monv.) Mig.','Melocactus lemairei (Monv. ex Lem.) Miq.'),(234,1,1,52,'Melocactus lemairei subsp. praerupticola (Areces) Guiggi','Melocactus lemairei (Monv. ex Lem.) Miq.'),(235,2,2,53,'Opuntia antillana Britton & Rose','Opuntia antillana Britton & Rose'),(236,1,1,54,'Pereskia marcanoi Areces','Pereskia marcanoi Areces'),(237,1,3,54,'Pereskia portulacifolia (L.) Haw','Leuenbergeria portulacifolia (L.) Lodé'),(238,1,1,54,'Pereskia quisqueyana Alain','Leuenbergeria quisqueyana (Alain) Lodé'),(239,2,2,55,'Selenicereus grandiflorus (L. Britton & Rose','Selenicereus grandiflorus (L.) Britton & Rose'),(240,1,1,137,'Guapira domingensis (Heimerl) Alain','Guapira domingensis (Heimerl) Alain'),(241,1,1,138,'Pisonia ochracea Heimerl','Pisonia ochracea Heimerl'),(242,2,1,138,'Pisonia rotundata Griseb.','Pisonia rotundata Griseb.'),(243,2,3,60,'Pristimera caribaea (Urb.) A.C Smith','Pristimera caribaea (Urb.) A.C.Sm.'),(244,2,1,103,'Mappia racemosa Jacq.','Mappia racemosa Jacq.'),(245,2,1,128,'Ottoschulzia rhodoxylon (Urb.) Urb.','Ottoschulzia rhodoxylon (Urb.) Urb.'),(246,2,2,212,'Manilkara bidentata (A. DC.) Chev','Manilkara bidentata (A.DC.) A.Chev.'),(247,2,2,212,'Manilkara valenzuelana (A.Rich.) T.D.Penn.','Manilkara valenzuelana (A.Rich.) T.D.Penn.'),(248,2,2,213,'Pouteria domingensis ssp. domingensis Gaertner','Pouteria domingensis (C.F.Gaertn.) Baehni'),(249,2,1,213,'Pouteria hotteana (Urb. & Ekman) Baehni','Pouteria hotteana (Urb. & Ekman) Baehni'),(250,1,3,213,'Pouteria sessiflora (SW.) poir','Pouteria sessiflora (SW.) poir'),(251,1,3,214,'Sideroxylon anomalum (Urb.) T.D.Penn.','Sideroxylon anomalum (Urb.) T.D.Penn.'),(252,1,1,214,'Sideroxylon dominicanum (Whetstone & T.A.Atk.) T.D.Penn','Sideroxylon dominicanum (Whetstone & T.A.Atk.) T.D.Penn.'),(253,1,1,214,'Sideroxylon rubiginosum T.D.Penn.','Sideroxylon rubiginosum T.D.Penn.'),(254,1,1,77,'Cnidoscolus acrandrus (Urb Pax & K.Hoffm.','Cnidoscolus acrandrus (Urb.) Pax & K.Hoffm.'),(255,1,3,78,'Cubanthus umbelliformis Urb. & Ekman','Euphorbia umbelliformis (Urb. & Ekman) V.W.Steinm. & P.E.Berry'),(256,1,1,79,'Garciadelia abbottii','Garciadelia abbottii Jestrow & Jiménez Rodr.'),(257,1,1,79,'Garciadelia castilloae','Garciadelia castilloae Jestrow & Jiménez Rodr.'),(258,1,1,79,'Garciadelia mejiae','Garciadelia mejiae Jestrow & Jiménez Rodr.'),(259,1,1,79,'Leucocroton leprosus (Willd. Pax & K.Hoffm.','Leucocroton leprosus (Willd.) Pax & K.Hoffm.'),(260,1,1,80,'Omphalea ekmanii Alain','Omphalea ekmanii Alain'),(261,2,1,80,'Omphalea triandra L.','Omphalea triandra L.'),(262,2,1,81,'Parkinsonia praecox (Ruiz & Pav.) Hawkins','Parkinsonia praecox (Ruiz & Pav.) Hawkins'),(263,1,1,82,'Albizia leonardii Britton & Rose ex Barneby & J.W.Grimes','Albizia leonardii Britton & Rose ex Barneby & J.W.Grimes'),(264,1,1,83,'Arcoa gonavensis Urb.','Arcoa gonavensis Urb.'),(265,1,1,84,'Abarema abbotti (Rose & Leonard) Barneby & J.W.Grimes','Abarema abbottii (Rose & Leonard) Barneby & J.W.Grimes'),(266,1,3,85,'Anacantha Urban.','Anacantha Urban.'),(267,2,3,85,'Brasiliensis L.','Brasiliensis L.'),(268,1,3,86,'Buchii Urb.','Buchii Urb.'),(269,1,3,87,'Unknown','unknown'),(270,1,1,88,'Pellucida Vogel','Pellucida Vogel'),(271,1,2,89,'Sphaeroperma Urb. & Ekm.','Sphaeroperma Urb. & Ekm.'),(272,1,1,90,'Mora abbottii Rose & Leonard','Mora abbottii Rose & Leonard'),(273,1,1,91,'Peltophorum berteroanum Urb.','Peltophorum dubium (Spreng.) Taub.'),(274,2,3,92,'Senna Domingensis (Spreng) H.S. Irwin & Barneby','Senna domingensis (Spreng.) H.S.Irwin & Barneby'),(275,2,1,93,'Stahlia monosperma (Tul.) Urb.','Stahlia monosperma (Tul.) Urb.'),(276,1,1,94,'Calliandra nervosa (Urb.) Urb. & Ekm.','Calliandra nervosa (Urb.) Urb. & Ekman'),(277,1,1,95,'Chloroleucon guantanamense (Britton) Britton & Rose','Chloroleucon guantanamense (Britton) Britton & Rose'),(278,1,1,96,'Cojoba bahorucensis Grimes & García','Cojoba bahorucensis J.W.Grimes & R.García'),(279,1,3,96,'Cojoba filipes (Vent.) Barneby & Grimes','Cojoba filipes (Vent.) Barneby & J.W.Grimes'),(280,1,1,96,'Cojoba urbanii (Alain) R.G. García & Peguero','Cojoba urbanii (Alain) R.G.García & Peguero'),(281,1,1,96,'Cojoba zanonii (Barneby) Barneby & Grimes','Cojoba zanonii (Barneby) Barneby & J.W.Grimes'),(282,1,1,97,'Mimosa azuensis Britton','Mimosa domingensis (Bertero ex DC.) Benth.'),(283,1,1,97,'Mimosa farisii Leonard ex Britt.','Mimosa farisii Leonard'),(284,1,1,98,'Vachellia barahonensis (Urb. & Ekman) Seigler & Ebinger','Vachellia barahonensis (Urb. & Ekman) Seigler & Ebinger'),(285,1,1,98,'Vachellia cucuyo (Barneby & Zanoni) Seigler & Ebinger','Vachellia cucuyo (Barneby & Zanoni) Seigler & Ebinger'),(286,1,1,98,'Vachellia oviedoensis (R.G. García & M. Mejía) Seigler & Ebinger','Vachellia oviedoensis (R.G.García & M.M.Mejía) Seigler & Ebinger'),(287,2,1,4,'Cameraria latifolia L.','Cameraria latifolia L.'),(288,1,3,5,'Plumeria magna Zanoni & M.M. Mejía','Plumeria magna Zanoni & M.M.Mejía'),(289,2,3,6,'Rauvolfia canescens L.','Rauvolfia canescens L.'),(290,2,3,6,'Rauvolfia viridis Willd & Rom. & Schultes','Rauvolfia viridis Willd. ex Roem. & Schult.'),(291,2,1,104,'Juglans jamaicensis C. DC.','Juglans jamaicensis C.DC.'),(292,2,3,1,'Avicennia germinans (L.) L.','Avicennia germinans (L.) L.'),(293,1,2,67,'Cordia fitchii Urb.','Cordia fitchii Urb.'),(294,1,2,67,'Cordia ignea Urb. & Ekman','Cordia ignea Urb. & Ekman'),(295,1,3,100,'Heliotropium saonae Alain','Heliotropium saonae Alain'),(296,2,3,101,'Tournefortia gnaphalodes (L.) R. Br. ex Roem.. & Schult.','Tournefortia gnaphalodes (L.) R.Br.'),(297,1,1,105,'Salvia arborescens','Salvia arborescens Urb. & Ekman'),(298,1,1,105,'Salvia decumbens Alain','Salvia decumbens Alain'),(299,1,1,105,'Salvia montecristina Urb & Ekm.','Salvia montecristina Urb. & Ekman'),(300,1,1,110,'Pinguicula casabitoana J.Jiménez Alm.','Pinguicula casabitoana J.Jiménez Alm.'),(301,1,1,106,'Pseudocarpidium domingense (Urb. & Ekman) Moldenke','Pseudocarpidium domingense (Urb. & Ekman) Moldenke'),(302,2,2,107,'Vitex heptaphylla A. Juss','Vitex heptaphylla A. Juss'),(303,2,1,108,'Cinnamomum parviflorum (Nees) Kosterm.','Cinnamomum parviflorum (Nees) Kosterm.'),(304,1,1,102,'Hernandia sonora L.','Hernandia sonora L.'),(305,2,3,109,'Nectandra krugii Mez','Nectandra krugii Mez'),(306,1,2,25,'Agave antillarum Descourt','Agave antillarum Descourt.'),(307,1,2,25,'Agave intermixta Trel.','Agave intermixta Trel.'),(308,2,2,26,'Furcraea hexapetala (Jacq.) Urb.','Furcraea hexapetala (Jacq.) Urb.'),(309,2,2,26,'Furcraea tuberosa (Mill.) W.T.Aiton','Furcraea tuberosa (Mill.) W.T.Aiton'),(310,1,1,2,'Annona bicolor Urb.','Annona bicolor Urb.'),(311,1,3,2,'Annona haitiensis ssp. appendiculata R.E. Fries','Annona haitiensis R.E.Fr.'),(312,1,3,2,'Rollinia mucosa (Jacq.) Baill.','Rollinia mucosa (Jacq.) Baill.'),(313,2,2,57,'Canella winterana (L.) Gaertn.','Canella winterana (L.) Gaertn.'),(314,2,3,58,'Cinnamodendron ekmanii Sleumer','Cinnamodendron ekmanii Sleumer'),(315,1,3,59,'Pleodendron ekmanii Urban','Pleodendron ekmanii Urban'),(316,1,3,215,'Illicium ekmanii A.C. Sm.','Illicium ekmanii A.C.Sm.'),(317,1,1,113,'Magnolia domingensis Urb.','Magnolia domingensis Urb.'),(318,1,1,113,'Magnolia hamorii Howard','Magnolia hamorii Howard'),(319,1,1,113,'Magnolia pallescens Urb. & Ekman','Magnolia pallescens Urb. & Ekman'),(320,2,2,115,'Ceiba pentandra (L.) Gaertn','Ceiba pentandra (L.) Gaertn'),(321,1,1,116,'Akrosida floribunda Fryxell & Clase','Akrosida floribunda Fryxell & Clase'),(322,2,1,117,'Hibiscus furcellatus var. azuensis Urb. & HelwLam.','Hibiscus furcellatus Desr.'),(323,2,1,118,'Malachra radiata (L.) L.','Malachra radiata (L.) L.'),(324,2,3,119,'Phymosia abutiloides (L.) Desv.','Phymosia abutiloides (L.) Desv.'),(325,1,1,120,'Thespesia beatensis Urb.','Thespesia beatensis (Urb.) Fryxell'),(326,2,1,121,'Waltheria calcicola Urb.','Waltheria calcicola Urb.'),(327,2,2,64,'Bucida buceras L.','Bucida buceras L.'),(328,2,2,65,'Conocarpus erectus var. erectus (Vabl) R.S','Conocarpus erectus var. erectus'),(329,2,2,65,'Conacarpus erectus var. sericeus L.','Conocarpus erectus var. sericeus Fors ex DC.'),(330,2,2,66,'Laguncularia racemosa (L.) C.F.Gaertn.','Laguncularia racemosa (L.) C.F.Gaertn.'),(331,1,1,112,'Ginoria jimenezii Alain','Ginoria buchii (Urb.) S.A.Graham'),(332,1,1,99,'Haitia buchii Urb.','Calopogonium caeruleum (Benth.) C.Wright'),(333,1,1,122,'Calopogonium caeruleum (Benth.) C.Wright','Conostegia furfuracea Urb. & Ekman'),(334,1,1,123,'Conostegia furfuracea (Urb. & Ekm.)','Graffenrieda barahonensis Urb.'),(335,1,1,122,'Graffenrieda barahonensis Urb.','Tetrazygia paralongicollis Judd, Ionta, Clase & Skean'),(336,1,1,136,'Tetrazygia paralongicolis Judd, Ionta, Clase & Skeen','Nelumbo nucifera Gaertn.'),(337,2,1,130,'Nelumbo nucifera Gaertn. ssp. lutea (Willd.) Borsch & Barthlott','Calyptrogenia biflora Alain'),(338,1,1,131,'Calyptrogenia biflora Alain','Calyptrogenia cuspidata Alain'),(339,1,1,131,'Calyptrogenia cusidata Alain','Eugenia chacueyana Alain'),(340,1,1,131,'Eugenia chacueyana Alain','Eugenia higueyana Alain'),(341,1,1,131,'Eugenia higueyana Alain','Eugenia pitrensis Urb.'),(342,1,2,132,'Eugenia pitrensis Urb.','Eugenia samanensis Alain'),(343,1,1,131,'Eugenia samanensis Alain','Hottea neibensis Alain'),(344,1,1,133,'Hottea neibensis Alain','Mosiera urbaniana Borhidi'),(345,1,1,134,'Mosiera urbaniana Borhidi','Myrcia majagüita Alain & M. Mejia'),(346,1,1,132,'Myrcia majagüita Alain & M. Mejia','Pimenta racemosa (Mill.) J.W.Moore'),(347,1,1,132,'Pimenta haitiensis (Urb.) Landrum','Pimenta racemosa (Mill.) J.W.Moore'),(348,1,1,132,'Pimenta racemosa var. hispaniolensis (Urb.) Landrum','Pimenta racemosa (Mill.) J.W.Moore'),(349,1,3,132,'Pimenta racemosa var. ozua (Urb. & Ekman) Landrum','Pimenta racemosa (Mill.) J.W.Moore'),(350,1,1,135,'Pimenta racemosa var. terebinthina (Burret) Landrum','Psidium acranthum Urb.'),(351,1,3,135,'Psidium acranthum Urb.','Psidium cuspidatum Alain'),(352,1,1,135,'Psidium cuspidatum Alain','Psidium gracilipes Alain'),(353,2,1,135,'Psidium gracilipes Alain','Psidium longipes var. orbiculare (O.Berg) McVaugh'),(354,1,1,135,'Psidium longipes var. orbiculare (Berg.) McVaugh','Psidium nanophyllum Alain'),(355,1,1,135,'Psidium nanophyllum Alain','Psidium salutare (Kunth) O.Berg'),(356,1,1,139,'Psidium salutare (Kunth) O.Berg','Acianthera cordatifolia (Dod) Pridgeon & M.W. Chase Dod'),(357,1,2,140,'Acianthera cordatifolia (Dod) Pridgeon & M.W. Chase Dod','Acianthera miguelii (Schltr.) Luer'),(358,1,1,141,'Acianthera miguelii (Schiltr.) Luer','Acianthera neibana (Dod) Pridgeon & M.W. Chase'),(359,1,1,139,'Acianthera neibana (Dod) Pridgeon & M.W. Chase','Acianthera alainii (Dod) A.Doucette'),(360,1,1,139,'Antilla alainii (Dod) Luer','Acianthera alainii (Dod) A.Doucette'),(361,1,1,139,'Acianthera bahorucensis (Luer) A.Doucette','Acianthera bahorucensis (Luer) A.Doucette'),(362,1,1,139,'Acianthera pendens (Dod) A.Doucette','Acianthera pendens (Dod) A.Doucette'),(363,1,2,139,'Acianthera quisqueyana (Dod) A.Doucette','Acianthera quisqueyana (Dod) A.Doucette'),(364,2,1,142,'Barbosella prorepens (Rchb.f) Schlechter','Barbosella prorepens (Rchb.f.) Schltr.'),(365,2,1,143,'Beloglottis costaricensis (Rchb.f.) Schlechter','Beloglottis costaricensis (Rchb.f.) Schltr.'),(366,2,3,144,'Bletia florida (Salisbury) R. Brown','Bletia florida (Salisb.) R.Br.'),(367,2,1,144,'Bletia patula Graham','Bletia patula Graham'),(368,2,2,144,'Bletia purpurea (Lam.) DC','Bletia purpurea (Lam.) A.DC.'),(369,2,2,145,'Brachionidium parvum Cogniaux','Brachionidium parvum Cogn.'),(370,2,1,145,'Brachionidium sherringii Rolfe','Brachionidium sherringii Rolfe'),(371,2,1,146,'Brassia caudata (L.) Lindley','Brassia caudata (L.) Lindl.'),(372,2,3,147,'Broughtonia domingensis (Lindl.) Rolfe','Broughtonia domingensis (Lindl.) Rolfe'),(373,2,3,148,'Calanthe calanthoides (A.Rich. & Galeotti) Hamer & Garay','Calanthe calanthoides (A.Rich. & Galeotti) Hamer & Garay'),(374,2,3,149,'Campylocentrum fasciola (Lindley) Cogn.','Campylocentrum fasciola (Lindl.) Cogn.'),(375,2,3,149,'Campylocentrum micranthum (Lindley) Maury','Campylocentrum micranthum (Lindl.) Maury'),(376,2,3,149,'Campylocentrum pachyrrhizum (Rchb.f.) Rolfe','Campylocentrum pachyrrhizum (Rchb.f.) Rolfe'),(377,2,3,150,'Cochleanthes flabelliformis (Sw.) Schultes & Garay','Cochleanthes flabelliformis (Sw.) Schultes & Garay'),(378,2,3,151,'Comparettia falcata Poeppig & Endl','Comparettia falcata Poepp. & Endl.'),(379,2,3,152,'Corallorhiza ekmanii Mansf.','Corallorhiza ekmanii Mansf.'),(380,1,3,153,'Corymborkis forcipigera (Rchb.f. & Warszewicz) L.O.Wms.','Corymborkis forcipigera (Rchb.f. & Warsz.) L.O.Williams'),(381,2,3,154,'Cranichis amplectens Dod','Cranichis amplectens Dod'),(382,2,3,154,'Cranichis muscosa Sw','Cranichis muscosa Sw.'),(383,2,3,154,'Cranichis ovata Wickström','Cranichis ovata Wickstr.'),(384,2,3,154,'Cranichis ricartii Ackerman','Cranichis ricartii Ackerman'),(385,2,3,155,'Cyclopogon cranichoides (Griseb.) Schlechter','Cyclopogon cranichoides (Griseb.) Schltr.'),(386,2,3,155,'Cyclopogon laxiflorus Ekman & Mansfeld','Cyclopogon laxiflorus Ekman & Mansf.'),(387,2,3,155,'Cyclopogon miradorensis Schlect','Cyclopogon miradorensis Schltr.'),(388,2,3,156,'156 dodianum (Ackerman & Chiron) Ackerman','156 dodianum (Ackerman & Chiron) Ackerman'),(389,1,3,156,'Cyrtopodium punctatum (L.) Lindl.','Cyrtopodium punctatum (L.) Lindl.'),(390,2,3,157,'Dendrophylax alcoa Dod','Dendrophylax alcoa Dod'),(391,1,1,157,'Dendrophylax barrettiae Fawc. & Rendle','Dendrophylax barrettiae Fawc. & Rendle'),(392,2,3,157,'Dendrophylax constanzensis (Garay) Nir','Dendrophylax constanzensis (Garay) Nir'),(393,1,1,157,'Dendrophylax macrocarpa (Dod) Carlsward & Whitten','Dendrophylax macrocarpus (Dod) Carlsward & Whitten'),(394,1,3,157,'Dendrophylax monteverdii (Rchb.f.) Ackerman & Nir','Dendrophylax monteverdi (Rchb.f.) Ackerman & Nir'),(395,2,3,157,'Dendrophylax porrectus (Rchb.f.) Carlsward & Whitten','Dendrophylax porrectus (Rchb.f.) Carlsward & Whitten'),(396,2,1,157,'Dendrophylax sallei (Rchb.f.) Benth. ex Rolfe','Dendrophylax sallei (Rchb.f.) Benth. ex Rolfe'),(397,1,3,157,'Dendrophylax serpentilingua (Dod) Nir','Dendrophylax serpentilingua (Dod) Nir'),(398,1,3,157,'Dendrophylax varius (J.F. Gmelin) Urban','Dendrophylax varius (Aubl.) Urb.'),(399,2,3,158,'Dichaea glauca (Sw.) Lindley','Dichaea glauca (Sw.) Lindl.'),(400,2,2,158,'Dichaea graminoides (Sw) Lindley','Dichaea graminoides (Sw.) Lindl.'),(401,2,3,158,'Dichaea hystricina Rchb.f.','Dichaea hystricina Rchb.f.'),(402,2,2,158,'Dichaea latifolia Lindley','Dichaea latifolia var. longa (Schltr.) Folsom'),(403,2,3,158,'Dichaea muricata (Sw.) Lindley','Dichaea muricata (Sw.) Lindl.'),(404,2,2,158,'Dichaea pendula (Aublet) Cogn.','Dichaea pendula (Aubl.) Cogn.'),(405,2,3,158,'Dichaea trichocarpa (Sw.) Lindley','Dichaea trichocarpa (Sw.) Lindl.'),(406,2,3,159,'Dilomilis montana (Sw.) Summer','Dilomilis montana (Sw.) Summerh.'),(407,2,2,159,'Dilomilis scirpoidea (Schltr.) Summerh.','Dilomilis scirpoidea (Schltr.) Summerh.'),(408,1,1,160,'Elleanthus cephalotus Garay & Sweet','Elleanthus cephalotus Garay & H.R.Sweet'),(409,2,3,160,'Elleanthus cordidactylus Ackerman','Elleanthus cordidactylus Ackerman'),(410,2,3,161,'Eltroplectris calcarata (Sw.) Garay & Sweet','Eltroplectris calcarata (Sw.) Garay & H.R.Sweet'),(411,2,3,162,'Encyclia gravida (Lindley) Schlechter','Encyclia gravida (Lindl.) Schltr.'),(412,2,2,162,'Encyclia isochila (Rchb.f.) Dod','Encyclia isochila (Rchb.f.) Dod'),(413,2,2,163,'Epidendrum abbottii L.Sánchez & Hágsater','Epidendrum abbottii L.Sánchez & Hágsater'),(414,1,1,163,'Epidendrum annabelleae Nir','Epidendrum annabellae Nir'),(415,1,1,163,'Epidendrum antillanum Ackerman & Hagsater','Epidendrum antillanum Ackerman & Hágsater'),(416,2,1,163,'Epidendrum bahorucense Hágsater & L. Cervantes','Epidendrum bahorucense Hágsater & L.Cerv.'),(417,1,3,163,'Epidendrum crenulidifforme L. Sánchez & Hágsater','Epidendrum crenulidifforme L.Sánchez & Hágsater'),(418,1,3,163,'Epidendrum dodii L. Sánchez & Hágsater','Epidendrum dodii L.Sánchez & Hágsater'),(419,1,3,163,'Epidendrum neoporpax Ames','Epidendrum neoporpax Ames'),(420,1,3,163,'Epidendrum nocturnum Jacquin','Epidendrum nocturnum Jacq.'),(421,2,3,163,'Epidendrum serrulatum Sw.','Epidendrum serrulatum Sw.'),(422,2,3,163,'Epidendrum zanonii Dod','Epidendrum zanonii Dod'),(423,1,3,164,'Eurystyles alticola Dod','Eurystyles alticola Dod'),(424,1,3,164,'Eurystyles domingensis Dod','Eurystyles domingensis Dod'),(425,2,1,165,'Fuertesiella pterichoides Schltr','Fuertesiella pterichoides Schltr.'),(426,2,3,166,'Galeandra beyrichii Rchb.f.','Galeandra beyrichii Rchb.f.'),(427,1,1,167,'Goodyera hispaniolae Dod','Goodyera hispaniolae Dod'),(428,1,1,167,'Goodyera striata Rchb. F','Goodyera striata Rchb. F'),(429,2,2,168,'Govenia utriculata (Sw.) Lindley','Govenia utriculata (Sw.) Lindl.'),(430,2,2,169,'Habenaria alata Hooker','Habenaria bidentata Poepp. ex Steud.'),(431,2,2,169,'Habenaria distans Griseb','Habenaria distans Griseb.'),(432,2,2,169,'Habenaria eustachya Rchb.f','Habenaria eustachya Rchb.f.'),(433,2,3,169,'Habenaria quinqueseta (Michx.) Eaton','Habenaria quinqueseta (Michx.) Eaton'),(434,2,2,169,'Habenaria repens Nuttall','Habenaria repens Nutt.'),(435,2,3,170,'Hapalorchis lineatus (Lindley) Schlechter','Hapalorchis lineata (Lindl.) Schltr.'),(436,2,3,171,'Ida barringtoniae (Sm.) A. Ryan & Oakeley','Ida barringtoniae (Sm.) A.Ryan & Oakeley'),(437,2,3,172,'Ionopsis satyrioides (Sw.) Rchb.f.','Ionopsis satyrioides (Sw.) Rchb.f.'),(438,2,3,172,'Ionopsis utricularioides (Sw.) Lindley','Ionopsis utricularioides (Sw.) Lindl.'),(439,2,2,173,'173 globosa (Jacq) Schlechter','173 globosa (Jacq.) Schltr.'),(440,1,1,174,'Lankesterella alainii Nir','Lankesterella alainii Nir'),(441,1,1,174,'Lankesterella glandula Ackerman','Lankesterella glandula Ackerman'),(442,1,3,175,'Lepanthes piepolis Dod','Lepanthes piepolis Dod'),(443,1,3,175,'Lepanthes purpurata L.O.Williams','Lepanthes purpurata L.O.Williams'),(444,1,3,175,'Lepanthes subalpina Urb.','Lepanthes subalpina Urb.'),(445,1,1,175,'Lepanthes anisoloba Dod ex Luer','Lepanthes anisoloba Dod ex Luer'),(446,1,3,175,'Lepanthes bahorucana Hespenh. & Dod','Lepanthes bahorucana Hespenh. & Dod'),(447,1,1,175,'Lepanthes boomerang Dod ex Luer','Lepanthes boomerang Dod ex Luer'),(448,1,1,175,'Lepanthes braccata Luer & Dod','Lepanthes braccata Luer & Dod'),(449,1,1,175,'Lepanthes cassicula Hespenh. & Dod','Lepanthes cassicula Hespenh. & Dod'),(450,1,1,175,'Lepanthes constanzae Urb.','Lepanthes constanzae Urb.'),(451,1,1,175,'Lepanthes cornutipetala Dod','Lepanthes cornutipetala Dod'),(452,1,3,175,'Lepanthes crucipetala Hespenh. & Dod','Lepanthes crucipetala Hespenh. & Dod'),(453,1,3,175,'Lepanthes domingensis Hespenh. & Dod','Lepanthes domingensis Hespenh. & Dod'),(454,1,1,175,'Lepanthes dondodii Luer','Lepanthes dondodii Luer'),(455,1,1,175,'Lepanthes ecrythrostanga Hespenh. & Dod','Lepanthes ecrythrostanga Hespenh. & Dod'),(456,1,3,175,'Lepanthes exotica Hespenh. & Dod','Lepanthes exotica Hespenh. & Dod'),(457,1,1,175,'Lepanthes fuertesii Hespenh. & Dod','Lepanthes fuertesii Hespenh. & Dod'),(458,1,1,175,'Lepanthes hirsuta Hespenh. & Dod','Lepanthes hirsuta Hespenh. & Dod'),(459,1,1,175,'Lepanthes hughsoni Hespenh. & Dod','Lepanthes hughsoni Hespenh. & Dod'),(460,1,1,175,'Lepanthes incurvata Dod ex Luer','Lepanthes incurva Dod ex Luer'),(461,1,3,175,'Lepanthes josei Hespenh. & Dod','Lepanthes josei Hespenh. & Dod'),(462,1,1,175,'Lepanthes marcanoi Hespenh. & Dod','Lepanthes marcanoi Hespenh. & Dod'),(463,1,1,175,'Lepanthes miniflora Dod ex Luer','Lepanthes miniflora Dod ex Luer'),(464,1,1,175,'Lepanthes mornicola Urb.','Lepanthes mornicola Urb.'),(465,1,1,175,'Lepanthes penicillata Hespenh & Dod','Lepanthes penicillata Hespenh & Dod'),(466,1,1,175,'Lepanthes striatifolia Hespenh. & Dod','Lepanthes striatifolia Hespenh. & Dod'),(467,1,3,175,'Lepanthes tenuis Schtr.','Lepanthes tenuis Schtr.'),(468,1,3,175,'Lepanthes teretipetala Hespenh. & Dod','Lepanthes teretipetala Hespenh. & Dod'),(469,1,3,175,'Lepanthes trullifera Hespenh. & Dod','Lepanthes trullifera Hespenh. & Dod'),(470,1,1,175,'Lepanthes truncatipetala Dod ex Luer','Lepanthes truncatipetala Dod ex Luer'),(471,1,1,175,'Lepanthes tudiana Hespenh. & Dod','Lepanthes tudiana Hespenh. & Dod'),(472,1,1,175,'Lepanthes urbaniana Mansf','Lepanthes urbaniana Mansf'),(473,1,1,176,'Lepanthopsis barahonensis (Cogn.) Garay','Lepanthopsis barahonensis (Cogn.) Garay'),(474,1,1,176,'Lepanthopsis constanzensis (Cogn.) Garay','Lepanthopsis constanzensis (Cogn.) Garay'),(475,1,1,176,'Lepanthopsis dodii Garay','Lepanthopsis dodii Garay'),(476,1,1,176,'Lepanthopsis glandullifera Dod','Lepanthopsis glandullifera Dod'),(477,1,1,176,'Lepanthopsis melanantha (Rchb.f.) Ames','Lepanthopsis melanantha (Rchb.f.) Ames'),(478,2,3,176,'Lepanthopsis microlepanthes (Griseb.) Ames','Lepanthopsis microlepanthes (Griseb.) Ames'),(479,1,3,176,'Lepanthopsis moniliformis Dod','Lepanthopsis moniliformis Dod'),(480,1,3,176,'Lepanthopsis ornipteridion Dod','Lepanthopsis ornipteridion Dod'),(481,1,1,176,'Lepanthopsis pygmaea C.Schweinf.','Lepanthopsis pygmaea C.Schweinf.'),(482,1,3,176,'Lepanthopsis serrulata (Cogn.) Hespenh. & Garay','Lepanthopsis serrulata (Cogn.) Hespenh. & Garay'),(483,1,1,176,'Lepanthopsis stellaris Dod','Lepanthopsis stellaris Dod'),(484,2,1,177,'Liparis cardiophylla Ames','Liparis cardiophylla Ames'),(485,2,1,177,'Liparis nervosa (Thumb.) Lindley','Liparis nervosa (Thumb.) Lindley'),(486,2,1,177,'Liparis saundersiana Rchb.f.','Liparis saundersiana Rchb.f.'),(487,2,1,177,'Liparis vexillifera (Llave & Lexarzd) Cogn','Liparis vexillifera (Lex.) Cogn.'),(488,2,1,177,'Liparis viridipurpurea Griseb.','Liparis viridipurpurea Griseb.'),(489,2,1,178,'Macradenia lutescens R.Br.','Macradenia lutescens R.Br.'),(490,1,1,179,'Malaxis apiculata Dod','Malaxis apiculata Dod'),(491,1,1,179,'Malaxis domingensis Ames','Malaxis domingensis Ames'),(492,1,1,179,'Malaxis hispaniolae (Schltr.) L.O.Williams','Malaxis hispaniolae (Schltr.) L.O.Williams'),(493,1,1,179,'Malaxis leonardii Ames','Malaxis leonardii Ames'),(494,2,3,179,'Malaxis massonii (Ridley) O. Kuntze','Malaxis massonii (Ridley) O. Kuntze'),(495,2,3,179,'Malaxis megalantha Dod','Malaxis dodii Acev.-Rodr. & Ackerman'),(496,2,3,179,'Malaxis spicata Sw.','Malaxis spicata Sw.'),(497,2,3,179,'Malaxis unifolia Michx','Malaxis unifolia Michx'),(498,2,3,179,'Maxillaria adendrobium (Rchb.f.) Dressler','Maxillaria adendrobium (Rchb.f.) Dressler'),(499,2,2,180,'Maxillaria coccinea (Jacq.) L.O.Williams','Maxillaria coccinea (Jacq.) L.O.Williams'),(500,2,3,180,'Maxillaria crassifolia (Lindley) Rchb.f','Maxillaria crassifolia (Lindley) Rchb.f'),(501,2,3,180,'Maxillaria parviflora (Poepp. & Endl.)Garay','Maxillaria parviflora (Poepp. & Endl.)Garay'),(502,2,3,180,'Maxillaria pudica Carnevali & J.L.Tapia','Maxillaria pudica Carnevali & J.L.Tapia'),(503,2,3,181,'Mesadenus lucayanus (Britton) Schltr.','Mesadenus lucayanus (Britton) Schltr.'),(504,2,3,182,'Microchilus hirtellus (Sw.) D. Dietr.','Microchilus hirtellus (Sw.) D. Dietr.'),(505,2,2,182,'Microchilus plantagineus (L.) D.Dietr.','Microchilus plantagineus (L.) D.Dietr.'),(506,2,2,183,'Nidema ottonis (Rchb.f.) Britton & Millsp.','Nidema ottonis (Rchb.f.) Britton & Millsp.'),(507,1,3,184,'Pelexia quisqueyana Dod','Pelexia quisqueyana Dod'),(508,2,3,185,'Pinelia leochilus (Rchb.f.) Garay','Pinelia leochilus (Rchb.f.) Garay'),(509,2,3,186,'Platythelys querceticola (Lindley)','Aspidogyne querceticola (Lindl.) Meneguzzo'),(510,1,3,187,'Pleurothallis claudii Rchb.f. ex Dod','Pleurothallis claudii Rchb.f. ex Dod'),(511,1,1,187,'Pleurothallis cymbiformis Dod','Pleurothallis cymbiformis Dod'),(512,1,3,141,'Specklinia mitchellii (Dod) Luer','Specklinia mitchellii (Dod) Luer'),(513,1,1,188,'Pleurothallis privinga Luer','Specklinia regalis (Luer) Luer'),(514,1,3,187,'Pleurothallis pruinosa Lindley','Pleurothallis pruinosa Lindley'),(515,1,2,187,'Pleurothallis ruscifolia (Jacq.) R. Brown','Pleurothallis ruscifolia (Jacq.) R. Brown'),(516,1,1,141,'Pleurothallis shaferi Ames','Specklinia schaferi (Ames) Luer'),(517,1,3,141,'Pleurothallis stillsonii Dod','Specklinia stillsonii (Dod) Pridgeon & M.W.Chase'),(518,1,2,189,'Polystachya foliosa (Hook.) Rchb.f.','Polystachya foliosa (Hook.) Rchb.f.'),(519,1,3,190,'Ponthieva pauciflora (Sw.) Fawc. & Rendle','Ponthieva pauciflora (Sw.) Fawc. & Rendle'),(520,2,3,190,'Ponthieva brittonae Ames','Ponthieva brittonae Ames'),(521,2,3,190,'Ponthieva ventricosa (Griseb.) Fawc. & Rendle','Ponthieva ventricosa (Griseb.) Fawc. & Rendle'),(522,2,3,190,'Ponthieva racemosa (Walter) C.Mohr','Ponthieva racemosa (Walter) C.Mohr'),(523,2,3,191,'Prescottia oligantha (Swartz) Lindley','Prescottia oligantha (Swartz) Lindley'),(524,2,2,191,'Prescottia stachyodes (Sw.) Lindley','Prescottia stachyodes (Sw.) Lindley'),(525,2,3,192,'Prostechea fragrans (Sw.) Higgins','Prostechea fragrans (Sw.) Higgins'),(526,2,3,192,'Prostechea pygmaea (Hook.) Higgins','Prostechea pygmaea (Hook.) Higgins'),(527,2,3,192,'Prosthechea vespa (Vell.) W.E.Higgins','Prosthechea vespa (Vell.) W.E.Higgins'),(528,2,3,193,'Pseudocentrum minus Benth','Pseudocentrum minus Benth'),(529,2,3,194,'Psilochilus macrophyllus (Lindl.) Ames','Psilochilus macrophyllus (Lindl.) Ames'),(530,1,3,195,'Psychilis atropurpurea (Willd.) Sauleda','Psychilis atropurpurea (Willd.) Sauleda'),(531,1,3,195,'Psychilis buchii (Cogn.) Sauleda','Psychilis buchii (Cogn.) Sauleda'),(532,1,3,195,'Psychilis cogniauxii (L.O.Williams) Sauleda','Psychilis cogniauxii (L.O.Williams) Sauleda'),(533,1,3,195,'Psychilis dodii Sauleda','Psychilis dodii Sauleda'),(534,1,3,195,'Psychilis domingensis (Cogn.) Sauleda','Psychilis domingensis (Cogn.) Sauleda'),(535,1,3,195,'Psychilis olivacea (Cogn.) Sauleda','Psychilis olivacea (Cogn.) Sauleda'),(536,1,3,195,'Psychilis rubeniana Dod ex Sauleda','Psychilis rubeniana Dod ex Sauleda'),(537,1,3,195,'Psychilis truncata var. tubichila Dod','Psychilis truncata var. tubichila Dod'),(538,1,1,195,'Psychilis vernicosa (Dod) Sauleda','Psychilis vernicosa (Dod) Sauleda'),(539,1,1,196,'Quisqueya ekmanii Dod','Quisqueya ekmanii Dod'),(540,1,1,196,'Quisqueya holdridgei Dod','Quisqueya holdridgei Dod'),(541,1,1,196,'Quisqueya karstii Dod','Quisqueya karstii Dod'),(542,2,3,197,'Sacoila lanceolata (Aublet) Garay','Sacoila lanceolata (Aubl.) Garay'),(543,2,3,198,'Scaphyglottis reflexa Lindley','Scaphyglottis reflexa Lindl.'),(544,2,3,199,'Schiedeella amesiana Garay','Greenwoodiella wercklei (Schltr.) Salazar & R.Jiménez'),(545,2,1,200,'Schiedeella fauci-sanguinea (Dod) Dod','Schiedeella faucisanguinea (Dod) Burns-Bal. ex A.E.Serna & López-Ferr.'),(546,2,3,199,'Schiedeella wercklei (Schltr.) Garay','Schiedeella wercklei (Schltr.) Garay'),(547,2,2,201,'Spiranthes torta (Thunberg) Garay & H. R. Sweet','Spiranthes torta (Thunberg) Garay & H. R. Sweet'),(548,2,3,188,'Stelis aprica Lindley','Stelis aprica Lindl.'),(549,2,2,216,'Stenorrhynchos speciosum (Jacq.) Rich.','Stenorrhynchos speciosum (Jacq.) Rich.'),(550,1,1,217,'Telipogon nirii Ackerman','Telipogon nirii Ackerman'),(551,3,3,204,'Tetramicra bulbosa Mansf','Tetramicra bulbosa Mansf'),(552,2,3,204,'Tetramicra canaliculata (Aubl.) Urb.','Tetramicra canaliculata (Aubl.) Urb.'),(553,2,3,204,'Tetramicra ekmanii Mansf.','Tetramicra ekmanii Mansf.'),(554,2,3,204,'Tetramicra parviflora Lindley ex Griseb.','Tetramicra parviflora Lindl. ex Griseb.'),(555,1,1,204,'Tetramicra praetensis (Rchb.f.) Rolfe','Tetramicra praetensis (Rchb.f.) Rolfe'),(556,1,1,204,'Tetramicra zanonii Nir','Tetramicra zanonii Nir'),(557,2,1,209,'Tolumnia arizajuliana (Withner & J.Jiménez Alm.)','Tolumnia arizajuliana (Withner & J.Jiménez Alm.)'),(558,2,1,209,'Tolumnia calochila (Cogn.) Braem','Tolumnia calochila (Cogn.) Braem'),(559,1,1,209,'Tolumnia caribense (Moir) Braem','Tolumnia caribense (Moir) Braem'),(560,1,3,209,'Tolumnia compressicaulis (Withner) Braem','Tolumnia compressicaulis (Withner) Braem'),(561,1,1,209,'Tolumnia guianensis (Aubl.) Braem','Tolumnia guianensis (Aubl.) Braem'),(562,1,1,209,'Tolumnia haitiensis (Leonard & Ames) Braem','Tolumnia haitiensis (Leonard & Ames) Braem'),(563,1,3,209,'Tolumnia henekenii (R.H.Schomb. ex Lindl.) Nir','Tolumnia henekenii (R.H.Schomb. ex Lindl.) Nir'),(564,1,1,209,'Tolumnia quadriloba (C.Schweinf.) Braem','Tolumnia quadriloba (C.Schweinf.) Braem'),(565,1,3,209,'Tolumnia scandens (Moir) Braem','Tolumnia scandens (Moir) Braem'),(566,1,1,209,'Tolumnia tuerckheimii (Cogn.) Braem','Tolumnia tuerckheimii (Cogn.) Braem'),(567,2,3,209,'Trichopilia fragrans (Lindley) Rchb.f.','Trichopilia fragrans (Lindley) Rchb.f.'),(568,2,1,209,'Trichopilia laxa (Lindley) Rchb.f','Trichopilia laxa (Lindley) Rchb.f'),(569,2,1,218,'Trichosalpinx dura (Lindley) Luer','Trichosalpinx dura (Lindley) Luer'),(570,2,1,219,'Triphora amazonica Schlechter','Triphora amazonica Schltr.'),(571,2,1,219,'Triphora gentianoides (Sw.) Nutt. ex Ames & Schltr.','Triphora gentianoides (Sw.) Nutt. ex Ames & Schltr.'),(572,2,1,219,'Triphora hassleriana (Cogn. ex Chodat & Hassl.) Schltr.','Triphora hassleriana (Cogn. ex Chodat & Hassl.) Schltr.'),(573,2,1,219,'Triphora miserrima (Cogn.) Acuña','Triphora miserrima (Cogn.) Acuña'),(574,2,1,219,'Triphora surinamensis (Lindley) Britton','Triphora surinamensis (Lindley) Britton'),(575,2,1,220,'Tropidia polystachya (Sw.) Ames','Tropidia polystachya (Sw.) Ames'),(576,2,2,221,'Vanilla barbellata Rchb.f.','Vanilla barbellata Rchb.f.'),(577,2,2,221,'Vanilla bicolor Lindl','Vanilla bicolor Lindl'),(578,2,3,221,'Vanilla claviculata (W. Wright) Sw','Vanilla claviculata Sw.'),(579,2,3,221,'Vanilla dilloniana Correll','Vanilla dilloniana Correll'),(580,2,3,221,'Vanilla mexicana Mill.','Vanilla mexicana Mill.'),(581,2,3,221,'Vanilla phaeantha Rchb.f.','Vanilla phaeantha Rchb.f.'),(582,2,3,221,'Vanilla poitaei Rchb.f','Vanilla poitaei Rchb.f'),(583,2,1,222,'Wullschlegelia calcarata Benth.','Wullschlegelia calcarata Benth.'),(584,2,3,223,'Xylobium palmifolium (Sw.) Benth','Xylobium palmifolium (Sw.) Benth'),(585,2,1,224,'Zootrophion atropurpureum (Lindl.) Luer','Zootrophion atropurpureum (Lindl.) Luer'),(586,1,1,225,'Piper buchii Urb.','Piper buchii Urb.'),(587,1,1,225,'Piper samanense Urb.','Piper samanense Urb.'),(588,1,1,226,'Limonium bahamense var. haitiense (Blake) Alain','Limonium bahamense Britton'),(589,1,1,114,'Byrsonima yaroana var. acutibracteata Alain','Byrsonima yaroana Alain'),(590,1,1,114,'Byrsonima yaroana var. yaroana Alain','Byrsonima yaroana Alain'),(591,1,2,227,'Coccoloba fuertesii Urb.','Coccoloba fuertesii Urb.'),(592,1,1,227,'Coccoloba samanensis O.C.Schmidt','Coccoloba samanensis O.C.Schmidt'),(593,2,1,227,'Coccoloba venosa L.','Coccoloba venosa L.'),(594,1,1,228,'Leptogonum buchii Urb.','Leptogonum buchii Urb.'),(595,1,1,229,'Ardisia angustata Urb.','Ardisia angustata Urb.'),(596,1,1,229,'Ardisia fuertesii Urb.','Ardisia fuertesii Urb.'),(597,1,1,230,'Vegaea pungens Urb.','Vegaea pungens Urb.'),(598,1,2,231,'Wallenia apiculata Urb.','Wallenia apiculata Urb.'),(599,1,1,127,'Hyperbaena sp.','Unknown'),(600,2,1,232,'Colubrina verrucosa (Urb.) M.C. Johnston','Colubrina verrucosa (Urb.) M.C.Johnst.'),(601,1,1,233,'Karwinskia caloneura Urb.','Karwinskia caloneura Urb.'),(602,1,3,234,'Reynosia cuneifolia Urb. & Ekman','Reynosia cuneifolia Urb. & Ekman'),(603,1,3,235,'Ziziphus microdyctya (Urb. & Ekman) M.C. Johnst.','Sarcomphalus microdictyus Urb. & Ekman'),(604,1,1,236,'Cissus picardae Urb.','Cissus picardae Urb.'),(605,2,1,62,'Hirtella rugosa Thuill. ex Pers.','Hirtella rugosa Thuill. ex Pers.'),(606,1,3,129,'Dorstenia peltala Sprengel','Dorstenia barnimiana var. tropaeolifolia (Schweinf.) Rendle'),(607,2,2,61,'Maclura tinctoria (L.) D.Don ex Steud.','Maclura tinctoria (L.) D.Don ex Steud.'),(608,1,3,237,'Antirhea montecristina Urb.','Stenostomum myrtifolium Griseb.'),(609,2,1,238,'Chimarrhis cymosa Jacq.','Chimarrhis cymosa Jacq.'),(610,1,3,239,'Cubanola domingensis (Britton) Aiello','Cubanola domingensis (Britton) Aiello'),(611,1,1,240,'Guettarda tortuensis Urb. & Ekman','Guettarda tortuensis Urb. & Ekman'),(612,1,3,241,'Isidorea pungens (Lam.) B.L.Rob.','Isidorea pungens (Lam.) B.L.Rob.'),(613,2,1,237,'Neolaugeria sp.','Unknown'),(614,1,1,242,'Phialanthus hispaniolae Alain & R. García','Phialanthus hispaniolae Alain & R. García'),(615,1,1,48,'Bursera brunea (Urb.) Urb. & Ekman','Bursera brunea (Urb.) Urb. & Ekman'),(616,1,1,48,'Bursera gracilipes Urb. & Ekman','Bursera gracilipes Urb. & Ekman'),(617,1,1,48,'Bursera obovata Turcz.','Bursera obovata Turcz.'),(618,2,1,124,'Cedrela odorata L.','Cedrela odorata L.'),(619,1,1,125,'Guarea sphenophylla Urb.','Guarea sphenophylla Urb.'),(620,2,3,126,'Swietenia mahagoni (L.) Lam.','Swietenia mahagoni (L.) Lam.'),(621,2,2,243,'Amyris elemifera L.','Amyris elemifera L.'),(622,1,3,243,'Amyris granulata Urb.','Amyris granulata Urb.'),(623,2,3,243,'Amyris pungens Urb. & Ekman','Amyris pungens Urb.'),(624,1,2,244,'Plethadenia granulata (Krug. & Urb.) Urb.','Plethadenia granulata (Krug. & Urb.) Urb.'),(625,2,3,245,'Zanthoxylum flavum Vahl.','Zanthoxylum flavum Vahl.'),(626,1,1,245,'Zanthoxylum leonardii (Urb.) J.Jiménez Alm.','Zanthoxylum taediosum A.Rich.'),(627,1,1,246,'Melicoccus jimenezii (Alain) Acev.-Rodr.','Melicoccus jimenezii (Alain) Acev.-Rodr.'),(628,2,3,247,'Picrasma excelsa (Sw.) Planch.','Picrasma excelsa (Sw.) Planch.'),(629,1,2,248,'Simarouba berteroana Krug & Urb. ex Urb.ba berteroana Krug & Urb.','Simarouba berteroana Krug & Urb. ex Urb.ba berteroana Krug & Urb.'),(630,2,1,249,'Huertea cubensis Griseb.','Huertea cubensis Griseb.'),(631,2,1,250,'Guaiacum officinale L.','Guaiacum officinale L.'),(632,2,2,250,'Guaiacum sanctum L.','Guaiacum sanctum L.'),(633,2,3,40,'Catalpa brevipes Urb.','Catalpa brevipes Urb.'),(634,2,3,40,'Catalpa macrocarpa (A. Richard) Ekm. & Urb.','Catalpa macrocarpa (A. Richard) Ekm. & Urb.'),(635,2,1,41,'Ekmanianthe longiflora (Griseb) Urb.','Ekmanianthe longiflora (Griseb) Urb.'),(636,1,1,42,'42 abbottii Urb.','42 caerulea (L.) Juss.'),(637,1,1,42,'42 ekmanii Alain.','42 ekmanii Alain.'),(638,1,3,42,'42 selleana Urb.','42 selleana Urb.'),(639,2,1,43,'Spiro45 rubriflora (Leonard) Alain','Spiro45 rubriflora (Leonard) Alain'),(640,1,3,44,'Tabebuia bullata A.H. Gentry','Tabebuia bullata A.H. Gentry'),(641,1,1,44,'Tabebuia crispiflora Alain','Tabebuia crispiflora Alain'),(642,1,1,44,'Tabebuia domingensis (Urb.) Britt.','Tabebuia domingensis (Urb.) Britt.'),(643,1,1,44,'Tabebuia maxonii Urb.','Tabebuia maxonii Urb.'),(644,2,2,44,'Tabebuia microphylla (Lam.) Urb.','Tabebuia microphylla (Lam.) Urb.'),(645,2,1,44,'Tabebuia myrtifolia var. myrtifolia Britton','Tabebuia myrtifolia (Griseb.) Britton'),(646,1,3,44,'Tabebuia obovata Urb.','Tabebuia obovata Urb.'),(647,1,1,44,'Tabebuia ophiolitica Alain','Tabebuia ophiolitica Alain'),(648,1,3,44,'Tabebuia paniculata Leonard','Tabebuia paniculata Leonard'),(649,1,3,44,'Tabebuia ricardii M.M.Mejía','Tabebuia ricardii M.M.Mejía'),(650,1,3,44,'Tabebuia vinosa A.H.Gentry','Tabebuia vinosa A.H.Gentry'),(651,1,1,44,'Tabebuia zanonii A.H.Gentry','Tabebuia zanonii A.H.Gentry'),(652,1,1,45,'45 sp. Nov','Tabebuia zanonii A.H.Gentry'),(653,2,1,46,'Tynnanthus caryophylleus (Bello) Alain','Tynnanthus caryophylleus (Bello) Alain'),(654,2,1,251,'Bontia daphnoides L.','Bontia daphnoides L.'),(655,2,1,252,'Acnistus arborescens (L.) Schltdl.','Acnistus arborescens (L.) Schltdl.'),(656,1,2,253,'Cestrum humile Urb. & Ekm.','Cestrum humile Urb. & Ekm.'),(657,1,1,253,'Cestrum milciomejiae T. Zanoni','Cestrum milciomejiae T. Zanoni'),(658,1,1,254,'Coeloneurum ferrugineum (Spreng.) Urb.','Coeloneurum ferrugineum (Spreng.) Urb.'),(659,1,1,254,'Coeloneurem sp. Nov','Unknown'),(660,3,1,255,'Cuatresia sp. Nov','Unknown'),(661,1,1,256,'Goetzea ekmanii O.E.Schulz','Goetzea ekmanii O.E.Schulz'),(662,1,1,257,'Solanum dendroicum O.E.Schulz & Ekman','Solanum dendroicum O.E.Schulz & Ekman'),(663,1,1,257,'Solanum orthocanthum O.E. Schulz','Solanum orthocanthum O.E. Schulz'),(664,1,1,63,'Garcinia glaucescens Alain & M. Mejia','Garcinia glaucescens Alain & M. Mejia'),(665,2,3,56,'Mammea americana L.','Mammea americana L.'),(666,1,1,259,'259 vaccinioides (O.C.Schmidt) Kobuski','259 vaccinioides (O.C.Schmidt) Kobuski'),(667,2,3,68,'Cucurbita okeechobeensis ssp okeechobeensis (Small) Bailey','Cucurbita okeechobeensis (Small) L.H.Bailey'),(668,1,3,69,'Melothria domingensis Cogn.','Melothria domingensis Cogn.'),(669,1,3,70,'Penelopeia suburceolata (Cogn.) Urb.','Penelopeia suburceolata (Cogn.) Urb.'),(670,1,1,71,'Sicana fragrans Alain, M.M.Mejía & R.García','Sicana fragrans Alain, M.M.Mejía & R.García'),(671,1,1,72,'Trichosanthes amara L.','Linnaeosicyos amara (L.) H.Schaef. & Kocyan'),(672,1,2,260,'Banara splendens Urb','Banara splendens Urb.'),(673,2,3,261,'Xylosma coriaceum Lignier & Bey','Xylosma coriaceum Lignier & Bey'),(674,1,1,111,'Fuertesia domingensis Urb.','Fuertesia domingensis Urb.'),(675,1,3,74,'Cyathea abbottii Maxon','Alsophila abbottii (Maxon) R.M.Tryon'),(676,2,3,75,'Cyathea arborea (L.) Sm.','Cyathea arborea (L.) Sm.'),(677,2,3,75,'Cyathea armata (Sw.) Domin','Cyathea armata (Sw.) Domin'),(678,1,3,75,'Cyathea asperula Maxon','Cyathea fulva (M.Martens & Galeotti) Fée'),(679,1,3,74,'Cyathea confinis C. Chr.','Alsophila confinis (C.Chr.) R.M.Tryon'),(680,1,3,74,'Cyathea crassa Maxon','Alsophila jimeneziana D.S.Conant'),(681,1,3,74,'Cyathea domingensis Brause','Cyathea domingensis Brause'),(682,2,3,74,'Cyathea fulgens C. Chr.','Alsophila fulgens (C.Chr.) D.S.Conant'),(683,2,3,75,'Cyathea furfuracea Baker','Cyathea tenera (J.Sm.) T.Moore'),(684,2,3,75,'Cyathea harrisii Underw. ex Maxon','Cyathea harrisii Underw. ex Maxon'),(685,2,3,76,'Cyathea insignis D.C.Eaton','Sphaeropteris insignis (D.C.Eaton) R.M.Tryon'),(686,2,3,75,'Cyathea tenera (J.Sm.) T.Moore','Cyathea tenera (J.Sm.) T.Moore'),(687,1,3,75,'Cyathea urbanii (Brause) Tryon','Alsophila urbanii (Brause) R.M.Tryon');
/*!40000 ALTER TABLE `plants` ENABLE KEYS */;
UNLOCK TABLES;

--
-- Table structure for table `plants_common_names`
--

DROP TABLE IF EXISTS `plants_common_names`;
/*!40101 SET @saved_cs_client     = @@character_set_client */;
/*!50503 SET character_set_client = utf8mb4 */;
CREATE TABLE `plants_common_names` (
  `Id_Plant_Com_Name` int NOT NULL,
  `Plant_Id` int NOT NULL,
  `Com_Name_Id` int NOT NULL,
  PRIMARY KEY (`Id_Plant_Com_Name`),
  KEY `FK_Plants_Common_Names_Plants` (`Plant_Id`),
  KEY `FK_Plants_Common_Names_Common_Names` (`Com_Name_Id`),
  CONSTRAINT `FK_Plants_Common_Names_Common_Names` FOREIGN KEY (`Com_Name_Id`) REFERENCES `common_names` (`Com_Name_Id`),
  CONSTRAINT `FK_Plants_Common_Names_Plants` FOREIGN KEY (`Plant_Id`) REFERENCES `plants` (`Plant_Id`)
) ENGINE=InnoDB DEFAULT CHARSET=utf8mb4 COLLATE=utf8mb4_0900_ai_ci;
/*!40101 SET character_set_client = @saved_cs_client */;

--
-- Dumping data for table `plants_common_names`
--

LOCK TABLES `plants_common_names` WRITE;
/*!40000 ALTER TABLE `plants_common_names` DISABLE KEYS */;
/*!40000 ALTER TABLE `plants_common_names` ENABLE KEYS */;
UNLOCK TABLES;

--
-- Table structure for table `sysdiagrams`
--

DROP TABLE IF EXISTS `sysdiagrams`;
/*!40101 SET @saved_cs_client     = @@character_set_client */;
/*!50503 SET character_set_client = utf8mb4 */;
CREATE TABLE `sysdiagrams` (
  `name` varchar(160) NOT NULL,
  `principal_id` int NOT NULL,
  `diagram_id` int NOT NULL,
  `version` int DEFAULT NULL,
  `definition` longblob,
  PRIMARY KEY (`diagram_id`),
  UNIQUE KEY `UK_principal_name` (`principal_id`,`name`)
) ENGINE=InnoDB DEFAULT CHARSET=utf8mb4 COLLATE=utf8mb4_0900_ai_ci;
/*!40101 SET character_set_client = @saved_cs_client */;

--
-- Dumping data for table `sysdiagrams`
--

LOCK TABLES `sysdiagrams` WRITE;
/*!40000 ALTER TABLE `sysdiagrams` DISABLE KEYS */;
INSERT INTO `sysdiagrams` VALUES ('Diagram_0',1,1,1,_binary '\\ࡱ\Z\\0\0\0\0\0\0\0\0\0\0\0\0\0\0\0\0>\0\0	\0\0\0\0\0\0\0\0\0\0\0\0\0\0\0\0\0\0\0\0\0\0\0\0\0b\0\0\0\0\0\0\0\0\0\0\0\0\0\0f\0\0\0\0\0\0\0\0\0\0\0\0\0\0\0\0\0\0\0\0\0	\0\0\0\n\0\0\0\0\0\0\0\0\0\r\0\0\0\0\0\0\0\0\0\0\0\0\0\0\0\0\0\0\0\0\0\0\0\0\0\0\0\0\0\0\0\0\0\0\0\0\0\0\0\Z\0\0\0\0\0\0\0\0\0\0\0\0\0\0\0\0\0\0 \0\0\0!\0\0\0\"\0\0\0#\0\0\0$\0\0\0%\0\0\0&\0\0\0\'\0\0\0(\0\0\0)\0\0\0*\0\0\0+\0\0\0,\0\0\0-\0\0\0.\0\0\0/\0\0\00\0\0\01\0\0\02\0\0\03\0\0\04\0\0\05\0\0\06\0\0\07\0\0\08\0\0\09\0\0\0:\0\0\0;\0\0\0<\0\0\0=\0\0\0>\0\0\0?\0\0\0@\0\0\0A\0\0\0B\0\0\0C\0\0\0D\0\0\0E\0\0\0F\0\0\0G\0\0\0H\0\0\0I\0\0\0J\0\0\0K\0\0\0L\0\0\0M\0\0\0N\0\0\0O\0\0\0P\0\0\0Q\0\0\0R\0\0\0S\0\0\0T\0\0\0U\0\0\0V\0\0\0W\0\0\0X\0\0\0Y\0\0\0Z\0\0\0[\0\0\0\\\0\0\0]\0\0\0^\0\0\0_\0\0\0`\0\0\0a\0\0\0d\0\0\0e\0\0\0R\0o\0o\0t\0 \0E\0n\0t\0r\0y\0\0\0\0\0\0\0\0\0\0\0\0\0\0\0\0\0\0\0\0\0\0\0\0\0\0\0\0\0\0\0\0\0\0\0\0\0\0\0\0\0\0\0\0\0\0\0\0\0\0\0\0\0\0\0\0\0\0\0\0\0\0\0\0\0\0\0\0\0\0\0\0\0\0\0\0\0\0 \'_\c\0\0\0\0\0\0\0\0\0\0D\0d\0s\0X\0M\0L\0S\0t\0r\0e\0a\0m\0\0\0\0\0\0\0\0\0\0\0\0\0\0\0\0\0\0\0\0\0\0\0\0\0\0\0\0\0\0\0\0\0\0\0\0\0\0\0\0\0\Z\0\0\0\0\0\0\0\0\0\0\0\0\0\0\0\0\0\0\0\0\0\0\0\0\0\0\0\0\0\0\0\0\0\0\0\0\0\0\0\0\0\0\0\0\0\0S\0c\0h\0e\0m\0a\0 \0U\0D\0V\0 \0D\0e\0f\0a\0u\0l\0t\0\0\0\0\0\0\0\0\0\0\0\0\0\0\0\0\0\0\0\0\0\0\0\0\0\0\0\0\0&\0\0\0\0\0\0\0\0\0\0\0\0\0\0\0\0\0\0\0\0\0\0\0\0\0\0\0\0\0\0\0\0\0\0\0\0\0\0\0\0\0\0\0\0\0\0\0\0\0\0\0\0\0\0D\0S\0R\0E\0F\0-\0S\0C\0H\0E\0M\0A\0-\0C\0O\0N\0T\0E\0N\0T\0S\0\0\0\0\0\0\0\0\0\0\0\0\0\0\0\0\0\0\0\0\0\0\0,\0\0\0\0\0\0\0\0\0\0\0\0\0\0\0\0\0\0\0\0\0\0\0\0\0\0\0\0\0\0\0\0\0\0\0\0\0\0\0\0\0\0\0|\0\0\0\0\0\0<dds><diagram fontclsid=\"{77D2C92D-7779-11D8-9070-00065B840D9C}\" mouseiconclsid=\"{0BE35204-8F91-11CE-9DE3-00AA004BB851}\" defaultlayout=\"MSDDS.Rectilinear\" defaultlineroute=\"MSDDS.Rectilinear\" version=\"7\" nextobject=\"34\" scale=\"100\" pagebreakanchorx=\"0\" pagebreakanchory=\"0\" pagebreaksizex=\"0\" pagebreaksizey=\"0\" scrollleft=\"-28421\" scrolltop=\"-13786\" gridx=\"150\" gridy=\"150\" marginx=\"5000\" marginy=\"5000\" zoom=\"100\" x=\"42228\" y=\"23283\" backcolor=\"-2147483643\" defaultpersistence=\"3\" PrintPageNumbersMode=\"3\" PrintMarginTop=\"0\" PrintMarginBottom=\"635\" PrintMarginLeft=\"0\" PrintMarginRight=\"0\" marqueeselectionmode=\"1\" mousepointer=\"0\" snaptogrid=\"1\" autotypeannotation=\"1\" showscrollbars=\"1\" viewpagebreaks=\"0\" donotforceconnectorsbehindshapes=\"1\"><font><ddsxmlobjectstreamwrapper binary=\"000008003000000000020000\"/></font><mouseicon><ddsxmlobjectstreamwrapper binary=\"6c74000000000000\"/></mouseicon></diagram><layoutmanager><ddsxmlobj><property name=\"sch_labels_visible\" value=\"0\" vartype=\"11\"/></ddsxmlobj></layoutmanager><ddscontrol controlprogid=\"{623AC075-2C77-4873-883D-930B4364B4BC}\" tooltip=\"Plants\" left=\"-24750\" top=\"-11700\" logicalid=\"1\" controlid=\"1\" masterid=\"0\" hint1=\"0\" hint2=\"0\" width=\"10531\" height=\"6244\" noresize=\"0\" nomove=\"0\" nodefaultattachpoints=\"0\" autodrag=\"0\" usedefaultiddshape=\"0\" selectable=\"1\" showselectionhandles=\"0\" allownudging=\"1\" isannotation=\"0\" dontautolayout=\"0\" groupcollapsed=\"0\" tabstop=\"1\" visible=\"1\" snaptogrid=\"1\"><control><ddsxmlobjectstreaminitwrapper binary=\"2143341208000000232900006418000078563412070000001401000050006c0061006e007400730000000000000000000000000000000000000000000000000000000000000000000000000000000000000000000000000000000000000000000000000000000000000000000000000000000000000000000000000000000000000000000000000000000000000000000000000000000000000000000000000000000000000000000000000000000000000000000000000000000000000000000000000000000000000000000000000000000000000000000000000000000000000000000000000000000000000000000000000000000000000000000000000000000000000000000000000000000000000000000000000005000000540000002c0000002c0000002c0000003400000000000000000000002329000064180000000000002d0100000d0000000c000000070000001c0100000609000062070000480300001a040000df020000ec04000027060000b103000027060000cb070000550500000000000001000000391300003403000000000000000000000000000002000000020000001c010000060900000000000001000000391300003403000000000000000000000000000002000000020000001c010000060900000100000000000000391300003403000000000000000000000000000002000000020000001c010000060900000000000000000000d13100000923000000000000000000000d00000004000000040000001c01000006090000aa0a00009006000078563412040000005600000001000000010000000b000000000000000100000002000000030000000400000005000000060000000700000008000000090000000a00000004000000640062006f0000000700000050006c0061006e00740073000000\"/></control><layoutobject><ddsxmlobj><property name=\"ActiveTableViewMode\" value=\"0\" vartype=\"8\"/><property name=\"TableViewMode:0\" value=\"4,0,284,0,2310,1,1890,5,1260\" vartype=\"8\"/><property name=\"TableViewMode:1\" value=\"2,0,284,0,2310\" vartype=\"8\"/><property name=\"TableViewMode:2\" value=\"2,0,284,0,2310\" vartype=\"8\"/><property name=\"TableViewMode:3\" value=\"2,0,284,0,2310\" vartype=\"8\"/><property name=\"TableViewMode:4\" value=\"4,0,284,0,2310,12,2730,11,1680\" vartype=\"8\"/></ddsxmlobj></layoutobject><shape groupshapeid=\"0\" groupnode=\"0\"/></ddscontrol><ddscontrol controlprogid=\"{623AC075-2C77-4873-883D-930B4364B4BC}\" tooltip=\"Conservation_Status\" left=\"-37950\" top=\"-9150\" logicalid=\"2\" controlid=\"2\" masterid=\"0\" hint1=\"0\" hint2=\"0\" width=\"10531\" height=\"3228\" noresize=\"0\" nomove=\"0\" nodefaultattachpoints=\"0\" autodrag=\"0\" usedefaultiddshape=\"0\" selectable=\"1\" showselectionhandles=\"0\" allownudging=\"1\" isannotation=\"0\" dontautolayout=\"0\" groupcollapsed=\"0\" tabstop=\"1\" visible=\"1\" snaptogrid=\"1\"><control><ddsxmlobjectstreaminitwrapper binary=\"2143341208000000232900009c0c000078563412070000001401000043006f006e0073006500720076006100740069006f006e005f005300740061007400750073000000000000000000000000000000000000000000000000000000000000000000000000000000000000000000000000000000000000000000000000000000000000000000000000000000000000000000000000000000000000000000000000000000000000000000000000000000000000000000000000000000000000000000000000000000000000000000000000000000000000000000000000000000000000000000000000000000000000000000000000000000000000000000000000000000000000000000000000000000000000000000000005000000540000002c0000002c0000002c000000340000000000000000000000232900009c0c0000000000002d0100000d0000000c000000070000001c0100000609000062070000480300001a040000df020000ec04000027060000b103000027060000cb070000550500000000000001000000391300003403000000000000000000000000000002000000020000001c010000060900000000000001000000391300003403000000000000000000000000000002000000020000001c010000060900000100000000000000391300003403000000000000000000000000000002000000020000001c010000060900000000000000000000d13100000923000000000000000000000d00000004000000040000001c01000006090000aa0a00009006000078563412040000007000000001000000010000000b000000000000000100000002000000030000000400000005000000060000000700000008000000090000000a00000004000000640062006f0000001400000043006f006e0073006500720076006100740069006f006e005f005300740061007400750073000000\"/></control><layoutobject><ddsxmlobj><property name=\"ActiveTableViewMode\" value=\"0\" vartype=\"8\"/><property name=\"TableViewMode:0\" value=\"4,0,284,0,2310,1,1890,5,1260\" vartype=\"8\"/><property name=\"TableViewMode:1\" value=\"2,0,284,0,2310\" vartype=\"8\"/><property name=\"TableViewMode:2\" value=\"2,0,284,0,2310\" vartype=\"8\"/><property name=\"TableViewMode:3\" value=\"2,0,284,0,2310\" vartype=\"8\"/><property name=\"TableViewMode:4\" value=\"4,0,284,0,2310,12,2730,11,1680\" vartype=\"8\"/></ddsxmlobj></layoutobject><shape groupshapeid=\"0\" groupnode=\"0\"/></ddscontrol><ddscontrol controlprogid=\"{623AC075-2C77-4873-883D-930B4364B4BC}\" tooltip=\"Categories\" left=\"-35550\" top=\"-16650\" logicalid=\"3\" controlid=\"3\" masterid=\"0\" hint1=\"0\" hint2=\"0\" width=\"10530\" height=\"3228\" noresize=\"0\" nomove=\"0\" nodefaultattachpoints=\"0\" autodrag=\"0\" usedefaultiddshape=\"0\" selectable=\"1\" showselectionhandles=\"0\" allownudging=\"1\" isannotation=\"0\" dontautolayout=\"0\" groupcollapsed=\"0\" tabstop=\"1\" visible=\"1\" snaptogrid=\"1\"><control><ddsxmlobjectstreaminitwrapper binary=\"2143341208000000222900009c0c0000785634120700000014010000430061007400650067006f0072006900650073000000000000000000000000000000000000000000000000000000000000000000000000000000000000000000000000000000000000000000000000000000000000000000000000000000000000000000000000000000000000000000000000000000000000000000000000000000000000000000000000000000000000000000000000000000000000000000000000000000000000000000000000000000000000000000000000000000000000000000000000000000000000000000000000000000000000000000000000000000000000000000000000000000000000000000000000000000000005000000540000002c0000002c0000002c000000340000000000000000000000222900009c0c0000000000002d0100000d0000000c000000070000001c0100000609000062070000480300001a040000df020000ec04000027060000b103000027060000cb070000550500000000000001000000391300003403000000000000000000000000000002000000020000001c010000060900000000000001000000391300003403000000000000000000000000000002000000020000001c010000060900000100000000000000391300003403000000000000000000000000000002000000020000001c010000060900000000000000000000d13100000923000000000000000000000d00000004000000040000001c01000006090000aa0a00009006000078563412040000005e00000001000000010000000b000000000000000100000002000000030000000400000005000000060000000700000008000000090000000a00000004000000640062006f0000000b000000430061007400650067006f0072006900650073000000\"/></control><layoutobject><ddsxmlobj><property name=\"ActiveTableViewMode\" value=\"0\" vartype=\"8\"/><property name=\"TableViewMode:0\" value=\"4,0,284,0,2310,1,1890,5,1260\" vartype=\"8\"/><property name=\"TableViewMode:1\" value=\"2,0,284,0,2310\" vartype=\"8\"/><property name=\"TableViewMode:2\" value=\"2,0,284,0,2310\" vartype=\"8\"/><property name=\"TableViewMode:3\" value=\"2,0,284,0,2310\" vartype=\"8\"/><property name=\"TableViewMode:4\" value=\"4,0,284,0,2310,12,2730,11,1680\" vartype=\"8\"/></ddsxmlobj></layoutobject><shape groupshapeid=\"0\" groupnode=\"0\"/></ddscontrol><ddscontrol controlprogid=\"{623AC075-2C77-4873-883D-930B4364B4BC}\" tooltip=\"Common_Names\" left=\"-30150\" top=\"3750\" logicalid=\"4\" controlid=\"4\" masterid=\"0\" hint1=\"0\" hint2=\"0\" width=\"10530\" height=\"3863\" noresize=\"0\" nomove=\"0\" nodefaultattachpoints=\"0\" autodrag=\"0\" usedefaultiddshape=\"0\" selectable=\"1\" showselectionhandles=\"0\" allownudging=\"1\" isannotation=\"0\" dontautolayout=\"0\" groupcollapsed=\"0\" tabstop=\"1\" visible=\"1\" snaptogrid=\"1\"><control><ddsxmlobjectstreaminitwrapper binary=\"214334120800000022290000170f000078563412070000001401000043006f006d006d006f006e005f004e0061006d006500730000000000000000000000000000000000000000000000000000000000000000000000000000000000000000000000000000000000000000000000000000000000000000000000000000000000000000000000000000000000000000000000000000000000000000000000000000000000000000000000000000000000000000000000000000000000000000000000000000000000000000000000000000000000000000000000000000000000000000000000000000000000000000000000000000000000000000000000000000000000000000000000000000000000000000000000000005000000540000002c0000002c0000002c00000034000000000000000000000022290000170f0000000000002d0100000d0000000c000000070000001c0100000609000062070000480300001a040000df020000ec04000027060000b103000027060000cb070000550500000000000001000000391300003403000000000000000000000000000002000000020000001c010000060900000000000001000000391300003403000000000000000000000000000002000000020000001c010000060900000100000000000000391300003403000000000000000000000000000002000000020000001c010000060900000000000000000000d13100000923000000000000000000000d00000004000000040000001c01000006090000aa0a00009006000078563412040000006200000001000000010000000b000000000000000100000002000000030000000400000005000000060000000700000008000000090000000a00000004000000640062006f0000000d00000043006f006d006d006f006e005f004e0061006d00650073000000\"/></control><layoutobject><ddsxmlobj><property name=\"ActiveTableViewMode\" value=\"0\" vartype=\"8\"/><property name=\"TableViewMode:0\" value=\"4,0,284,0,2310,1,1890,5,1260\" vartype=\"8\"/><property name=\"TableViewMode:1\" value=\"2,0,284,0,2310\" vartype=\"8\"/><property name=\"TableViewMode:2\" value=\"2,0,284,0,2310\" vartype=\"8\"/><property name=\"TableViewMode:3\" value=\"2,0,284,0,2310\" vartype=\"8\"/><property name=\"TableViewMode:4\" value=\"4,0,284,0,2310,12,2730,11,1680\" vartype=\"8\"/></ddsxmlobj></layoutobject><shape groupshapeid=\"0\" groupnode=\"0\"/></ddscontrol><ddscontrol controlprogid=\"{623AC075-2C77-4873-883D-930B4364B4BC}\" tooltip=\"Plants_Common_Names\" left=\"-25350\" top=\"-3000\" logicalid=\"5\" controlid=\"5\" masterid=\"0\" hint1=\"0\" hint2=\"0\" width=\"10530\" height=\"4366\" noresize=\"0\" nomove=\"0\" nodefaultattachpoints=\"0\" autodrag=\"0\" usedefaultiddshape=\"0\" selectable=\"1\" showselectionhandles=\"0\" allownudging=\"1\" isannotation=\"0\" dontautolayout=\"0\" groupcollapsed=\"0\" tabstop=\"1\" visible=\"1\" snaptogrid=\"1\"><control><ddsxmlobjectstreaminitwrapper binary=\"2143341208000000222900000e11000078563412070000001401000050006c0061006e00740073005f0043006f006d006d006f006e005f004e0061006d00650073000000000000000000000000000000000000000000000000000000000000000000000000000000000000000000000000000000000000000000000000000000000000000000000000000000000000000000000000000000000000000000000000000000000000000000000000000000000000000000000000000000000000000000000000000000000000000000000000000000000000000000000000000000000000000000000000000000000000000000000000000000000000000000000000000000000000000000000000000000000000000000000005000000540000002c0000002c0000002c000000340000000000000000000000222900000e110000000000002d0100000d0000000c000000070000001c0100000609000062070000480300001a040000df020000ec04000027060000b103000027060000cb070000550500000000000001000000391300003403000000000000000000000000000002000000020000001c010000060900000000000001000000391300003403000000000000000000000000000002000000020000001c010000060900000100000000000000391300003403000000000000000000000000000002000000020000001c010000060900000000000000000000d13100000923000000000000000000000d00000004000000040000001c01000006090000aa0a00009006000078563412040000007000000001000000010000000b000000000000000100000002000000030000000400000005000000060000000700000008000000090000000a00000004000000640062006f0000001400000050006c0061006e00740073005f0043006f006d006d006f006e005f004e0061006d00650073000000\"/></control><layoutobject><ddsxmlobj><property name=\"ActiveTableViewMode\" value=\"0\" vartype=\"8\"/><property name=\"TableViewMode:0\" value=\"4,0,284,0,2310,1,1890,5,1260\" vartype=\"8\"/><property name=\"TableViewMode:1\" value=\"2,0,284,0,2310\" vartype=\"8\"/><property name=\"TableViewMode:2\" value=\"2,0,284,0,2310\" vartype=\"8\"/><property name=\"TableViewMode:3\" value=\"2,0,284,0,2310\" vartype=\"8\"/><property name=\"TableViewMode:4\" value=\"4,0,284,0,2310,12,2730,11,1680\" vartype=\"8\"/></ddsxmlobj></layoutobject><shape groupshapeid=\"0\" groupnode=\"0\"/></ddscontrol><ddscontrol controlprogid=\"{623AC075-2C77-4873-883D-930B4364B4BC}\" tooltip=\"Classes\" left=\"-9750\" top=\"-26250\" logicalid=\"6\" controlid=\"6\" masterid=\"0\" hint1=\"0\" hint2=\"0\" width=\"10530\" height=\"3492\" noresize=\"0\" nomove=\"0\" nodefaultattachpoints=\"0\" autodrag=\"0\" usedefaultiddshape=\"0\" selectable=\"1\" showselectionhandles=\"0\" allownudging=\"1\" isannotation=\"0\" dontautolayout=\"0\" groupcollapsed=\"0\" tabstop=\"1\" visible=\"1\" snaptogrid=\"1\"><control><ddsxmlobjectstreaminitwrapper binary=\"214334120800000022290000a40d000078563412070000001401000043006c00610073007300650073000000000000000000000000000000000000000000000000000000000000000000000000000000000000000000000000000000000000000000000000000000000000000000000000000000000000000000000000000000000000000000000000000000000000000000000000000000000000000000000000000000000000000000000000000000000000000000000000000000000000000000000000000000000000000000000000000000000000000000000000000000000000000000000000000000000000000000000000000000000000000000000000000000000000000000000000000000000000000000000005000000540000002c0000002c0000002c00000034000000000000000000000022290000a40d0000000000002d0100000d0000000c000000070000001c0100000609000062070000480300001a040000df020000ec04000027060000b103000027060000cb070000550500000000000001000000391300003403000000000000000000000000000002000000020000001c010000060900000000000001000000391300003403000000000000000000000000000002000000020000001c010000060900000100000000000000391300003403000000000000000000000000000002000000020000001c010000060900000000000000000000d13100000923000000000000000000000d00000004000000040000001c01000006090000aa0a00009006000078563412040000005800000001000000010000000b000000000000000100000002000000030000000400000005000000060000000700000008000000090000000a00000004000000640062006f0000000800000043006c00610073007300650073000000\"/></control><layoutobject><ddsxmlobj><property name=\"ActiveTableViewMode\" value=\"0\" vartype=\"8\"/><property name=\"TableViewMode:0\" value=\"4,0,284,0,2310,1,1890,5,1260\" vartype=\"8\"/><property name=\"TableViewMode:1\" value=\"2,0,284,0,2310\" vartype=\"8\"/><property name=\"TableViewMode:2\" value=\"2,0,284,0,2310\" vartype=\"8\"/><property name=\"TableViewMode:3\" value=\"2,0,284,0,2310\" vartype=\"8\"/><property name=\"TableViewMode:4\" value=\"4,0,284,0,2310,12,2730,11,1680\" vartype=\"8\"/></ddsxmlobj></layoutobject><shape groupshapeid=\"0\" groupnode=\"0\"/></ddscontrol><ddscontrol controlprogid=\"{623AC075-2C77-4873-883D-930B4364B4BC}\" tooltip=\"Orders\" left=\"-9750\" top=\"-21450\" logicalid=\"7\" controlid=\"7\" masterid=\"0\" hint1=\"0\" hint2=\"0\" width=\"10530\" height=\"4234\" noresize=\"0\" nomove=\"0\" nodefaultattachpoints=\"0\" autodrag=\"0\" usedefaultiddshape=\"0\" selectable=\"1\" showselectionhandles=\"0\" allownudging=\"1\" isannotation=\"0\" dontautolayout=\"0\" groupcollapsed=\"0\" tabstop=\"1\" visible=\"1\" snaptogrid=\"1\"><control><ddsxmlobjectstreaminitwrapper binary=\"2143341208000000222900008a1000007856341207000000140100004f007200640065007200730000000000000000000000000000000000000000000000000000000000000000000000000000000000000000000000000000000000000000000000000000000000000000000000000000000000000000000000000000000000000000000000000000000000000000000000000000000000000000000000000000000000000000000000000000000000000000000000000000000000000000000000000000000000000000000000000000000000000000000000000000000000000000000000000000000000000000000000000000000000000000000000000000000000000000000000000000000000000000000000000005000000540000002c0000002c0000002c000000340000000000000000000000222900008a100000000000002d0100000d0000000c000000070000001c0100000609000062070000480300001a040000df020000ec04000027060000b103000027060000cb070000550500000000000001000000391300003403000000000000000000000000000002000000020000001c010000060900000000000001000000391300003403000000000000000000000000000002000000020000001c010000060900000100000000000000391300003403000000000000000000000000000002000000020000001c010000060900000000000000000000d13100000923000000000000000000000d00000004000000040000001c01000006090000aa0a00009006000078563412040000005600000001000000010000000b000000000000000100000002000000030000000400000005000000060000000700000008000000090000000a00000004000000640062006f000000070000004f00720064006500720073000000\"/></control><layoutobject><ddsxmlobj><property name=\"ActiveTableViewMode\" value=\"0\" vartype=\"8\"/><property name=\"TableViewMode:0\" value=\"4,0,284,0,2310,1,1890,5,1260\" vartype=\"8\"/><property name=\"TableViewMode:1\" value=\"2,0,284,0,2310\" vartype=\"8\"/><property name=\"TableViewMode:2\" value=\"2,0,284,0,2310\" vartype=\"8\"/><property name=\"TableViewMode:3\" value=\"2,0,284,0,2310\" vartype=\"8\"/><property name=\"TableViewMode:4\" value=\"4,0,284,0,2310,12,2730,11,1680\" vartype=\"8\"/></ddsxmlobj></layoutobject><shape groupshapeid=\"0\" groupnode=\"0\"/></ddscontrol><ddscontrol controlprogid=\"{623AC075-2C77-4873-883D-930B4364B4BC}\" tooltip=\"Families\" left=\"-9750\" top=\"-16200\" logicalid=\"8\" controlid=\"8\" masterid=\"0\" hint1=\"0\" hint2=\"0\" width=\"10531\" height=\"4048\" noresize=\"0\" nomove=\"0\" nodefaultattachpoints=\"0\" autodrag=\"0\" usedefaultiddshape=\"0\" selectable=\"1\" showselectionhandles=\"0\" allownudging=\"1\" isannotation=\"0\" dontautolayout=\"0\" groupcollapsed=\"0\" tabstop=\"1\" visible=\"1\" snaptogrid=\"1\"><control><ddsxmlobjectstreaminitwrapper binary=\"214334120800000023290000d00f0000785634120700000014010000460061006d0069006c00690065007300000000000000000000000000000000000000000000000000000000000000000000000000000000000000000000000000000000000000000000000000000000000000000000000000000000000000000000000000000000000000000000000000000000000000000000000000000000000000000000000000000000000000000000000000000000000000000000000000000000000000000000000000000000000000000000000000000000000000000000000000000000000000000000000000000000000000000000000000000000000000000000000000000000000000000000000000000000000000000005000000540000002c0000002c0000002c00000034000000000000000000000023290000d00f0000000000002d0100000d0000000c000000070000001c0100000609000062070000480300001a040000df020000ec04000027060000b103000027060000cb070000550500000000000001000000391300003403000000000000000000000000000002000000020000001c010000060900000000000001000000391300003403000000000000000000000000000002000000020000001c010000060900000100000000000000391300003403000000000000000000000000000002000000020000001c010000060900000000000000000000d13100000923000000000000000000000d00000004000000040000001c01000006090000aa0a00009006000078563412040000005a00000001000000010000000b000000000000000100000002000000030000000400000005000000060000000700000008000000090000000a00000004000000640062006f00000009000000460061006d0069006c006900650073000000\"/></control><layoutobject><ddsxmlobj><property name=\"ActiveTableViewMode\" value=\"0\" vartype=\"8\"/><property name=\"TableViewMode:0\" value=\"4,0,284,0,2310,1,1890,5,1260\" vartype=\"8\"/><property name=\"TableViewMode:1\" value=\"2,0,284,0,2310\" vartype=\"8\"/><property name=\"TableViewMode:2\" value=\"2,0,284,0,2310\" vartype=\"8\"/><property name=\"TableViewMode:3\" value=\"2,0,284,0,2310\" vartype=\"8\"/><property name=\"TableViewMode:4\" value=\"4,0,284,0,2310,12,2730,11,1680\" vartype=\"8\"/></ddsxmlobj></layoutobject><shape groupshapeid=\"0\" groupnode=\"0\"/></ddscontrol><ddscontrol controlprogid=\"{623AC075-2C77-4873-883D-930B4364B4BC}\" tooltip=\"Genera\" left=\"-9750\" top=\"-10500\" logicalid=\"9\" controlid=\"9\" masterid=\"0\" hint1=\"0\" hint2=\"0\" width=\"10531\" height=\"4313\" noresize=\"0\" nomove=\"0\" nodefaultattachpoints=\"0\" autodrag=\"0\" usedefaultiddshape=\"0\" selectable=\"1\" showselectionhandles=\"0\" allownudging=\"1\" isannotation=\"0\" dontautolayout=\"0\" groupcollapsed=\"0\" tabstop=\"1\" visible=\"1\" snaptogrid=\"1\"><control><ddsxmlobjectstreaminitwrapper binary=\"214334120800000023290000d9100000785634120700000014010000470065006e0065007200610000000000000000000000000000000000000000000000000000000000000000000000000000000000000000000000000000000000000000000000000000000000000000000000000000000000000000000000000000000000000000000000000000000000000000000000000000000000000000000000000000000000000000000000000000000000000000000000000000000000000000000000000000000000000000000000000000000000000000000000000000000000000000000000000000000000000000000000000000000000000000000000000000000000000000000000000000000000000000000000000005000000540000002c0000002c0000002c00000034000000000000000000000023290000d9100000000000002d0100000d0000000c000000070000001c0100000609000062070000480300001a040000df020000ec04000027060000b103000027060000cb070000550500000000000001000000391300003403000000000000000000000000000002000000020000001c010000060900000000000001000000391300003403000000000000000000000000000002000000020000001c010000060900000100000000000000391300003403000000000000000000000000000002000000020000001c010000060900000000000000000000d13100000923000000000000000000000d00000004000000040000001c01000006090000aa0a00009006000078563412040000005600000001000000010000000b000000000000000100000002000000030000000400000005000000060000000700000008000000090000000a00000004000000640062006f00000007000000470065006e006500720061000000\"/></control><layoutobject><ddsxmlobj><property name=\"ActiveTableViewMode\" value=\"0\" vartype=\"8\"/><property name=\"TableViewMode:0\" value=\"4,0,284,0,2310,1,1890,5,1260\" vartype=\"8\"/><property name=\"TableViewMode:1\" value=\"2,0,284,0,2310\" vartype=\"8\"/><property name=\"TableViewMode:2\" value=\"2,0,284,0,2310\" vartype=\"8\"/><property name=\"TableViewMode:3\" value=\"2,0,284,0,2310\" vartype=\"8\"/><property name=\"TableViewMode:4\" value=\"4,0,284,0,2310,12,2730,11,1680\" vartype=\"8\"/></ddsxmlobj></layoutobject><shape groupshapeid=\"0\" groupnode=\"0\"/></ddscontrol><ddscontrol semanticcookie=\"01003a0001000000640062006f00000046004b005f0050006c0061006e00740073005f0043006f006d006d006f006e005f004e0061006d00650073005f0050006c0061006e00740073000000\" controlprogid=\"MSDDS.Polyline.080.1\" tooltip=\"Relationship \'FK_Plants_Common_Names_Plants\' between \'Plants\' and \'Plants_Common_Names\'\" left=\"-24557\" top=\"-6151\" logicalid=\"11\" controlid=\"10\" masterid=\"0\" hint1=\"0\" hint2=\"0\" width=\"815\" height=\"3851\" noresize=\"0\" nomove=\"0\" nodefaultattachpoints=\"1\" autodrag=\"0\" usedefaultiddshape=\"0\" selectable=\"1\" showselectionhandles=\"0\" allownudging=\"1\" isannotation=\"0\" dontautolayout=\"0\" groupcollapsed=\"0\" tabstop=\"1\" visible=\"1\" snaptogrid=\"0\"><control><ddsxmlobj><polyline endtypedst=\"0\" endtypesrc=\"2\" usercolor=\"15790320\" linestyle=\"0\" linerender=\"0\" customendtypedstid=\"0\" customendtypesrcid=\"0\" adornsvisible=\"1\"><adornment percentpos=\"50\" controlid=\"11\" width=\"4816\" height=\"344\" side=\"0\" behavior=\"3\" himetric=\"1228\" distfromline=\"175\" startobj=\"0\" x=\"-29141\" y=\"-4400\" visible=\"0\" allowoverlap=\"1\" usepercent=\"1\"/></polyline></ddsxmlobj></control><layoutobject><ddsxmlobj/></layoutobject><connector sourceid=\"1\" destid=\"5\" sourceattachpoint=\"7\" destattachpoint=\"14\" segmenteditmode=\"0\" bendpointeditmode=\"0\" bendpointvisibility=\"0\" relatedid=\"0\" virtual=\"0\"><point x=\"-24150\" y=\"-5456\"/><point x=\"-24150\" y=\"-3000\"/></connector></ddscontrol><ddscontrol semanticcookie=\"01f6287b38640f2e\" controlprogid=\"MSDDS.Text.080.1\" left=\"-29141\" top=\"-4400\" logicalid=\"12\" controlid=\"11\" masterid=\"10\" hint1=\"0\" hint2=\"0\" width=\"4816\" height=\"344\" noresize=\"1\" nomove=\"0\" nodefaultattachpoints=\"1\" autodrag=\"1\" usedefaultiddshape=\"1\" selectable=\"1\" showselectionhandles=\"1\" allownudging=\"1\" isannotation=\"0\" dontautolayout=\"0\" groupcollapsed=\"0\" tabstop=\"0\" visible=\"0\" snaptogrid=\"0\"><control><ddsxmlobjectstreaminitwrapper binary=\"00020000d012000058010000030000000000050000800800008001000000150001000000900144420100065461686f6d611d0046004b005f0050006c0061006e00740073005f0043006f006d006d006f006e005f004e0061006d00650073005f0050006c0061006e007400730000000000\"/></control><layoutobject><ddsxmlobj/></layoutobject><shape groupshapeid=\"0\" groupnode=\"0\"/></ddscontrol><ddscontrol semanticcookie=\"0111177501000000640062006f00000046004b005f0050006c0061006e00740073005f0043006f006d006d006f006e005f004e0061006d00650073005f0043006f006d006d006f006e005f004e0061006d00650073000000\" controlprogid=\"MSDDS.Polyline.080.1\" tooltip=\"Relationship \'FK_Plants_Common_Names_Common_Names\' between \'Common_Names\' and \'Plants_Common_Names\'\" left=\"-25607\" top=\"667\" logicalid=\"13\" controlid=\"12\" masterid=\"0\" hint1=\"0\" hint2=\"0\" width=\"815\" height=\"3779\" noresize=\"0\" nomove=\"0\" nodefaultattachpoints=\"1\" autodrag=\"0\" usedefaultiddshape=\"0\" selectable=\"1\" showselectionhandles=\"0\" allownudging=\"1\" isannotation=\"0\" dontautolayout=\"0\" groupcollapsed=\"0\" tabstop=\"1\" visible=\"1\" snaptogrid=\"0\"><control><ddsxmlobj><polyline endtypedst=\"0\" endtypesrc=\"2\" usercolor=\"15790320\" linestyle=\"0\" linerender=\"0\" customendtypedstid=\"0\" customendtypesrcid=\"0\" adornsvisible=\"1\"><adornment percentpos=\"96.1976549413735\" controlid=\"13\" width=\"6257\" height=\"344\" side=\"1\" behavior=\"3\" himetric=\"2293\" distfromline=\"175\" startobj=\"0\" x=\"-31632\" y=\"1443\" visible=\"0\" allowoverlap=\"1\" usepercent=\"1\"/></polyline></ddsxmlobj></control><layoutobject><ddsxmlobj/></layoutobject><connector sourceid=\"4\" destid=\"5\" sourceattachpoint=\"64\" destattachpoint=\"1\" segmenteditmode=\"0\" bendpointeditmode=\"0\" bendpointvisibility=\"0\" relatedid=\"0\" virtual=\"0\"><point x=\"-25200\" y=\"3750\"/><point x=\"-25200\" y=\"1366\"/></connector></ddscontrol><ddscontrol semanticcookie=\"01f6287bf8640f2e\" controlprogid=\"MSDDS.Text.080.1\" left=\"-31632\" top=\"1443\" logicalid=\"14\" controlid=\"13\" masterid=\"12\" hint1=\"0\" hint2=\"0\" width=\"6257\" height=\"344\" noresize=\"1\" nomove=\"0\" nodefaultattachpoints=\"1\" autodrag=\"1\" usedefaultiddshape=\"1\" selectable=\"1\" showselectionhandles=\"1\" allownudging=\"1\" isannotation=\"0\" dontautolayout=\"0\" groupcollapsed=\"0\" tabstop=\"0\" visible=\"0\" snaptogrid=\"0\"><control><ddsxmlobjectstreaminitwrapper binary=\"000200007118000058010000030000000000050000800800008001000000150001000000900144420100065461686f6d61230046004b005f0050006c0061006e00740073005f0043006f006d006d006f006e005f004e0061006d00650073005f0043006f006d006d006f006e005f004e0061006d006500730000000000\"/></control><layoutobject><ddsxmlobj/></layoutobject><shape groupshapeid=\"0\" groupnode=\"0\"/></ddscontrol><ddscontrol semanticcookie=\"012b725001000000640062006f00000046004b005f0050006c0061006e00740073005f0043006f006e0073006500720076006100740069006f006e005f005300740061007400750073000000\" controlprogid=\"MSDDS.Polyline.080.1\" tooltip=\"Relationship \'FK_Plants_Conservation_Status\' between \'Conservation_Status\' and \'Plants\'\" left=\"-27719\" top=\"-9407\" logicalid=\"15\" controlid=\"14\" masterid=\"0\" hint1=\"0\" hint2=\"0\" width=\"3269\" height=\"815\" noresize=\"0\" nomove=\"0\" nodefaultattachpoints=\"1\" autodrag=\"0\" usedefaultiddshape=\"0\" selectable=\"1\" showselectionhandles=\"0\" allownudging=\"1\" isannotation=\"0\" dontautolayout=\"0\" groupcollapsed=\"0\" tabstop=\"1\" visible=\"1\" snaptogrid=\"0\"><control><ddsxmlobj><polyline endtypedst=\"0\" endtypesrc=\"2\" usercolor=\"15790320\" linestyle=\"0\" linerender=\"0\" customendtypedstid=\"0\" customendtypesrcid=\"0\" adornsvisible=\"1\"><adornment percentpos=\"49.9063319595354\" controlid=\"15\" width=\"4441\" height=\"344\" side=\"0\" behavior=\"3\" himetric=\"1332\" distfromline=\"175\" startobj=\"0\" x=\"-28304\" y=\"-8825\" visible=\"0\" allowoverlap=\"1\" usepercent=\"1\"/></polyline></ddsxmlobj></control><layoutobject><ddsxmlobj/></layoutobject><connector sourceid=\"2\" destid=\"1\" sourceattachpoint=\"139\" destattachpoint=\"172\" segmenteditmode=\"0\" bendpointeditmode=\"0\" bendpointvisibility=\"0\" relatedid=\"0\" virtual=\"0\"><point x=\"-27419\" y=\"-9000\"/><point x=\"-24750\" y=\"-9000\"/></connector></ddscontrol><ddscontrol semanticcookie=\"01f6287bf8620f2e\" controlprogid=\"MSDDS.Text.080.1\" left=\"-28304\" top=\"-8825\" logicalid=\"16\" controlid=\"15\" masterid=\"14\" hint1=\"0\" hint2=\"0\" width=\"4441\" height=\"344\" noresize=\"1\" nomove=\"0\" nodefaultattachpoints=\"1\" autodrag=\"1\" usedefaultiddshape=\"1\" selectable=\"1\" showselectionhandles=\"1\" allownudging=\"1\" isannotation=\"0\" dontautolayout=\"0\" groupcollapsed=\"0\" tabstop=\"0\" visible=\"0\" snaptogrid=\"0\"><control><ddsxmlobjectstreaminitwrapper binary=\"000200005911000058010000030000000000050000800800008001000000150001000000900144420100065461686f6d611d0046004b005f0050006c0061006e00740073005f0043006f006e0073006500720076006100740069006f006e005f0053007400610074007500730000000000\"/></control><layoutobject><ddsxmlobj/></layoutobject><shape groupshapeid=\"0\" groupnode=\"0\"/></ddscontrol><ddscontrol semanticcookie=\"01002e8001000000640062006f00000046004b005f0050006c0061006e00740073005f00430061007400650067006f0072006900650073000000\" controlprogid=\"MSDDS.Polyline.080.1\" tooltip=\"Relationship \'FK_Plants_Categories\' between \'Categories\' and \'Plants\'\" left=\"-25607\" top=\"-14117\" logicalid=\"17\" controlid=\"16\" masterid=\"0\" hint1=\"0\" hint2=\"0\" width=\"1537\" height=\"3117\" noresize=\"0\" nomove=\"0\" nodefaultattachpoints=\"1\" autodrag=\"0\" usedefaultiddshape=\"0\" selectable=\"1\" showselectionhandles=\"0\" allownudging=\"1\" isannotation=\"0\" dontautolayout=\"0\" groupcollapsed=\"0\" tabstop=\"1\" visible=\"1\" snaptogrid=\"0\"><control><ddsxmlobj><polyline endtypedst=\"0\" endtypesrc=\"2\" usercolor=\"15790320\" linestyle=\"0\" linerender=\"0\" customendtypedstid=\"0\" customendtypesrcid=\"0\" adornsvisible=\"1\"><adornment percentpos=\"65.1699029126214\" controlid=\"17\" width=\"3028\" height=\"344\" side=\"0\" behavior=\"3\" himetric=\"1611\" distfromline=\"175\" startobj=\"0\" x=\"-27653\" y=\"-12386\" visible=\"0\" allowoverlap=\"1\" usepercent=\"1\"/></polyline></ddsxmlobj></control><layoutobject><ddsxmlobj/></layoutobject><connector sourceid=\"3\" destid=\"1\" sourceattachpoint=\"137\" destattachpoint=\"2\" segmenteditmode=\"0\" bendpointeditmode=\"0\" bendpointvisibility=\"0\" relatedid=\"0\" virtual=\"0\"><point x=\"-25200\" y=\"-13422\"/><point x=\"-25200\" y=\"-12561\"/><point x=\"-24450\" y=\"-12561\"/><point x=\"-24450\" y=\"-11700\"/></connector></ddscontrol><ddscontrol semanticcookie=\"01f6287bb0b16d2d\" controlprogid=\"MSDDS.Text.080.1\" left=\"-27653\" top=\"-12386\" logicalid=\"18\" controlid=\"17\" masterid=\"16\" hint1=\"0\" hint2=\"0\" width=\"3028\" height=\"344\" noresize=\"1\" nomove=\"0\" nodefaultattachpoints=\"1\" autodrag=\"1\" usedefaultiddshape=\"1\" selectable=\"1\" showselectionhandles=\"1\" allownudging=\"1\" isannotation=\"0\" dontautolayout=\"0\" groupcollapsed=\"0\" tabstop=\"0\" visible=\"0\" snaptogrid=\"0\"><control><ddsxmlobjectstreaminitwrapper binary=\"00020000d40b000058010000030000000000050000800800008001000000150001000000900144420100065461686f6d61140046004b005f0050006c0061006e00740073005f00430061007400650067006f00720069006500730000000000\"/></control><layoutobject><ddsxmlobj/></layoutobject><shape groupshapeid=\"0\" groupnode=\"0\"/></ddscontrol><ddscontrol semanticcookie=\"01006e0001000000640062006f00000046004b005f0050006c0061006e00740073005f00470065006e006500720061000000\" controlprogid=\"MSDDS.Polyline.080.1\" tooltip=\"Relationship \'FK_Plants_Genera\' between \'Genera\' and \'Plants\'\" left=\"-14519\" top=\"-8657\" logicalid=\"19\" controlid=\"18\" masterid=\"0\" hint1=\"0\" hint2=\"0\" width=\"5069\" height=\"815\" noresize=\"0\" nomove=\"0\" nodefaultattachpoints=\"1\" autodrag=\"0\" usedefaultiddshape=\"0\" selectable=\"1\" showselectionhandles=\"0\" allownudging=\"1\" isannotation=\"0\" dontautolayout=\"0\" groupcollapsed=\"0\" tabstop=\"1\" visible=\"1\" snaptogrid=\"0\"><control><ddsxmlobj><polyline endtypedst=\"0\" endtypesrc=\"2\" usercolor=\"15790320\" linestyle=\"0\" linerender=\"0\" customendtypedstid=\"0\" customendtypesrcid=\"0\" adornsvisible=\"1\"><adornment percentpos=\"49.9440590736183\" controlid=\"19\" width=\"2537\" height=\"344\" side=\"0\" behavior=\"3\" himetric=\"2232\" distfromline=\"175\" startobj=\"0\" x=\"-13252\" y=\"-8769\" visible=\"0\" allowoverlap=\"1\" usepercent=\"1\"/></polyline></ddsxmlobj></control><layoutobject><ddsxmlobj/></layoutobject><connector sourceid=\"9\" destid=\"1\" sourceattachpoint=\"166\" destattachpoint=\"183\" segmenteditmode=\"0\" bendpointeditmode=\"0\" bendpointvisibility=\"0\" relatedid=\"0\" virtual=\"0\"><point x=\"-9750\" y=\"-8250\"/><point x=\"-14219\" y=\"-8250\"/></connector></ddscontrol><ddscontrol semanticcookie=\"01f6287b30af6d2d\" controlprogid=\"MSDDS.Text.080.1\" left=\"-13252\" top=\"-8769\" logicalid=\"20\" controlid=\"19\" masterid=\"18\" hint1=\"0\" hint2=\"0\" width=\"2537\" height=\"344\" noresize=\"1\" nomove=\"0\" nodefaultattachpoints=\"1\" autodrag=\"1\" usedefaultiddshape=\"1\" selectable=\"1\" showselectionhandles=\"1\" allownudging=\"1\" isannotation=\"0\" dontautolayout=\"0\" groupcollapsed=\"0\" tabstop=\"0\" visible=\"0\" snaptogrid=\"0\"><control><ddsxmlobjectstreaminitwrapper binary=\"00020000e909000058010000030000000000050000800800008001000000150001000000900144420100065461686f6d61100046004b005f0050006c0061006e00740073005f00470065006e0065007200610000000000\"/></control><layoutobject><ddsxmlobj/></layoutobject><shape groupshapeid=\"0\" groupnode=\"0\"/></ddscontrol><ddscontrol semanticcookie=\"01006e0001000000640062006f00000046004b005f00470065006e006500720061005f00460061006d0069006c006900650073000000\" controlprogid=\"MSDDS.Polyline.080.1\" tooltip=\"Relationship \'FK_Genera_Families\' between \'Families\' and \'Genera\'\" left=\"-8657\" top=\"-12847\" logicalid=\"21\" controlid=\"20\" masterid=\"0\" hint1=\"0\" hint2=\"0\" width=\"815\" height=\"3047\" noresize=\"0\" nomove=\"0\" nodefaultattachpoints=\"1\" autodrag=\"0\" usedefaultiddshape=\"0\" selectable=\"1\" showselectionhandles=\"0\" allownudging=\"1\" isannotation=\"0\" dontautolayout=\"0\" groupcollapsed=\"0\" tabstop=\"1\" visible=\"1\" snaptogrid=\"0\"><control><ddsxmlobj><polyline endtypedst=\"0\" endtypesrc=\"2\" usercolor=\"15790320\" linestyle=\"0\" linerender=\"0\" customendtypedstid=\"0\" customendtypesrcid=\"0\" adornsvisible=\"1\"><adornment percentpos=\"50\" controlid=\"21\" width=\"2768\" height=\"344\" side=\"0\" behavior=\"3\" himetric=\"826\" distfromline=\"175\" startobj=\"0\" x=\"-11193\" y=\"-11498\" visible=\"0\" allowoverlap=\"1\" usepercent=\"1\"/></polyline></ddsxmlobj></control><layoutobject><ddsxmlobj/></layoutobject><connector sourceid=\"8\" destid=\"9\" sourceattachpoint=\"19\" destattachpoint=\"18\" segmenteditmode=\"0\" bendpointeditmode=\"0\" bendpointvisibility=\"0\" relatedid=\"0\" virtual=\"0\"><point x=\"-8250\" y=\"-12152\"/><point x=\"-8250\" y=\"-10500\"/></connector></ddscontrol><ddscontrol semanticcookie=\"01f6287b70ab6d2d\" controlprogid=\"MSDDS.Text.080.1\" left=\"-11193\" top=\"-11498\" logicalid=\"22\" controlid=\"21\" masterid=\"20\" hint1=\"0\" hint2=\"0\" width=\"2768\" height=\"344\" noresize=\"1\" nomove=\"0\" nodefaultattachpoints=\"1\" autodrag=\"1\" usedefaultiddshape=\"1\" selectable=\"1\" showselectionhandles=\"1\" allownudging=\"1\" isannotation=\"0\" dontautolayout=\"0\" groupcollapsed=\"0\" tabstop=\"0\" visible=\"0\" snaptogrid=\"0\"><control><ddsxmlobjectstreaminitwrapper binary=\"00020000d00a000058010000030000000000ffffff000800008001000000150001000000900144420100065461686f6d61120046004b005f00470065006e006500720061005f00460061006d0069006c0069006500730000000000\"/></control><layoutobject><ddsxmlobj/></layoutobject><shape groupshapeid=\"0\" groupnode=\"0\"/></ddscontrol><ddscontrol semanticcookie=\"01006f0001000000640062006f00000046004b005f00460061006d0069006c006900650073005f004f00720064006500720073000000\" controlprogid=\"MSDDS.Polyline.080.1\" tooltip=\"Relationship \'FK_Families_Orders\' between \'Orders\' and \'Families\'\" left=\"-8957\" top=\"-17911\" logicalid=\"23\" controlid=\"22\" masterid=\"0\" hint1=\"0\" hint2=\"0\" width=\"815\" height=\"2411\" noresize=\"0\" nomove=\"0\" nodefaultattachpoints=\"1\" autodrag=\"0\" usedefaultiddshape=\"0\" selectable=\"1\" showselectionhandles=\"0\" allownudging=\"1\" isannotation=\"0\" dontautolayout=\"0\" groupcollapsed=\"0\" tabstop=\"1\" visible=\"1\" snaptogrid=\"0\"><control><ddsxmlobj><polyline endtypedst=\"0\" endtypesrc=\"2\" usercolor=\"15790320\" linestyle=\"0\" linerender=\"0\" customendtypedstid=\"0\" customendtypesrcid=\"0\" adornsvisible=\"1\"><adornment percentpos=\"50\" controlid=\"23\" width=\"2710\" height=\"344\" side=\"0\" behavior=\"3\" himetric=\"508\" distfromline=\"175\" startobj=\"0\" x=\"-11435\" y=\"-16880\" visible=\"0\" allowoverlap=\"1\" usepercent=\"1\"/></polyline></ddsxmlobj></control><layoutobject><ddsxmlobj/></layoutobject><connector sourceid=\"7\" destid=\"8\" sourceattachpoint=\"15\" destattachpoint=\"14\" segmenteditmode=\"0\" bendpointeditmode=\"0\" bendpointvisibility=\"0\" relatedid=\"0\" virtual=\"0\"><point x=\"-8550\" y=\"-17216\"/><point x=\"-8550\" y=\"-16200\"/></connector></ddscontrol><ddscontrol semanticcookie=\"01f6287bb0ab6d2d\" controlprogid=\"MSDDS.Text.080.1\" left=\"-11435\" top=\"-16880\" logicalid=\"24\" controlid=\"23\" masterid=\"22\" hint1=\"0\" hint2=\"0\" width=\"2710\" height=\"344\" noresize=\"1\" nomove=\"0\" nodefaultattachpoints=\"1\" autodrag=\"1\" usedefaultiddshape=\"1\" selectable=\"1\" showselectionhandles=\"1\" allownudging=\"1\" isannotation=\"0\" dontautolayout=\"0\" groupcollapsed=\"0\" tabstop=\"0\" visible=\"0\" snaptogrid=\"0\"><control><ddsxmlobjectstreaminitwrapper binary=\"00020000960a000058010000030000000000ffffff000800008001000000150001000000900144420100065461686f6d61120046004b005f00460061006d0069006c006900650073005f004f007200640065007200730000000000\"/></control><layoutobject><ddsxmlobj/></layoutobject><shape groupshapeid=\"0\" groupnode=\"0\"/></ddscontrol><ddscontrol semanticcookie=\"013a725001000000640062006f00000046004b005f004f00720064006500720073005f0043006c00610073007300650073000000\" controlprogid=\"MSDDS.Polyline.080.1\" tooltip=\"Relationship \'FK_Orders_Classes\' between \'Classes\' and \'Orders\'\" left=\"-9107\" top=\"-23453\" logicalid=\"26\" controlid=\"24\" masterid=\"0\" hint1=\"0\" hint2=\"0\" width=\"815\" height=\"2703\" noresize=\"0\" nomove=\"0\" nodefaultattachpoints=\"1\" autodrag=\"0\" usedefaultiddshape=\"0\" selectable=\"1\" showselectionhandles=\"0\" allownudging=\"1\" isannotation=\"0\" dontautolayout=\"0\" groupcollapsed=\"0\" tabstop=\"1\" visible=\"1\" snaptogrid=\"0\"><control><ddsxmlobj><polyline endtypedst=\"0\" endtypesrc=\"2\" usercolor=\"15790320\" linestyle=\"0\" linerender=\"0\" customendtypedstid=\"0\" customendtypesrcid=\"0\" adornsvisible=\"1\"><adornment percentpos=\"50\" controlid=\"25\" width=\"2682\" height=\"344\" side=\"0\" behavior=\"3\" himetric=\"654\" distfromline=\"175\" startobj=\"0\" x=\"-11557\" y=\"-22276\" visible=\"0\" allowoverlap=\"1\" usepercent=\"1\"/></polyline></ddsxmlobj></control><layoutobject><ddsxmlobj/></layoutobject><connector sourceid=\"6\" destid=\"7\" sourceattachpoint=\"13\" destattachpoint=\"12\" segmenteditmode=\"0\" bendpointeditmode=\"0\" bendpointvisibility=\"0\" relatedid=\"0\" virtual=\"0\"><point x=\"-8700\" y=\"-22758\"/><point x=\"-8700\" y=\"-21450\"/></connector></ddscontrol><ddscontrol semanticcookie=\"01f6287bc89da52d\" controlprogid=\"MSDDS.Text.080.1\" left=\"-11557\" top=\"-22276\" logicalid=\"27\" controlid=\"25\" masterid=\"24\" hint1=\"0\" hint2=\"0\" width=\"2682\" height=\"344\" noresize=\"1\" nomove=\"0\" nodefaultattachpoints=\"1\" autodrag=\"1\" usedefaultiddshape=\"1\" selectable=\"1\" showselectionhandles=\"1\" allownudging=\"1\" isannotation=\"0\" dontautolayout=\"0\" groupcollapsed=\"0\" tabstop=\"0\" visible=\"0\" snaptogrid=\"0\"><control><ddsxmlobjectstreaminitwrapper binary=\"000200007a0a000058010000030000000000ffffff000800008001000000150001000000900144420100065461686f6d61110046004b005f004f00720064006500720073005f0043006c006100730073006500730000000000\"/></control><layoutobject><ddsxmlobj/></layoutobject><shape groupshapeid=\"0\" groupnode=\"0\"/></ddscontrol><ddscontrol controlprogid=\"{623AC075-2C77-4873-883D-930B4364B4BC}\" tooltip=\"Users\" left=\"1800\" top=\"150\" logicalid=\"28\" controlid=\"26\" masterid=\"0\" hint1=\"0\" hint2=\"0\" width=\"10531\" height=\"5053\" noresize=\"0\" nomove=\"0\" nodefaultattachpoints=\"0\" autodrag=\"0\" usedefaultiddshape=\"0\" selectable=\"1\" showselectionhandles=\"0\" allownudging=\"1\" isannotation=\"0\" dontautolayout=\"0\" groupcollapsed=\"0\" tabstop=\"1\" visible=\"1\" snaptogrid=\"1\"><control><ddsxmlobjectstreaminitwrapper binary=\"214334120800000023290000bd13000078563412070000001401000055007300650072007300000000000000000000000000000000000000000000000000000000000000000000000000000000000000000000000000000000000000000000000000000000000000000000000000000000000000000000000000000000000000000000000000000000000000000000000000000000000000000000000000000000000000000000000000000000000000000000000000000000000000000000000000000000000000000000000000000000000000000000000000000000000000000000000000000000000000000000000000000000000000000000000000000000000000000000000000000000000000000000000000000005000000540000002c0000002c0000002c00000034000000000000000000000023290000bd130000000000002d0100000d0000000c000000070000001c0100000609000062070000480300001a040000df020000ec04000027060000b103000027060000cb070000550500000000000001000000391300003403000000000000000000000000000002000000020000001c010000060900000000000001000000391300003403000000000000000000000000000002000000020000001c010000060900000100000000000000391300003403000000000000000000000000000002000000020000001c010000060900000000000000000000d13100000923000000000000000000000d00000004000000040000001c01000006090000aa0a00009006000078563412040000005400000001000000010000000b000000000000000100000002000000030000000400000005000000060000000700000008000000090000000a00000004000000640062006f00000006000000550073006500720073000000\"/></control><layoutobject><ddsxmlobj><property name=\"ActiveTableViewMode\" value=\"0\" vartype=\"8\"/><property name=\"TableViewMode:0\" value=\"4,0,284,0,2310,1,1890,5,1260\" vartype=\"8\"/><property name=\"TableViewMode:1\" value=\"2,0,284,0,2310\" vartype=\"8\"/><property name=\"TableViewMode:2\" value=\"2,0,284,0,2310\" vartype=\"8\"/><property name=\"TableViewMode:3\" value=\"2,0,284,0,2310\" vartype=\"8\"/><property name=\"TableViewMode:4\" value=\"4,0,284,0,2310,12,2730,11,1680\" vartype=\"8\"/></ddsxmlobj></layoutobject><shape groupshapeid=\"0\" groupnode=\"0\"/></ddscontrol><ddscontrol controlprogid=\"{623AC075-2C77-4873-883D-930B4364B4BC}\" tooltip=\"Modification\" left=\"-11850\" top=\"-3750\" logicalid=\"29\" controlid=\"27\" masterid=\"0\" hint1=\"0\" hint2=\"0\" width=\"10530\" height=\"8969\" noresize=\"0\" nomove=\"0\" nodefaultattachpoints=\"0\" autodrag=\"0\" usedefaultiddshape=\"0\" selectable=\"1\" showselectionhandles=\"0\" allownudging=\"1\" isannotation=\"0\" dontautolayout=\"0\" groupcollapsed=\"0\" tabstop=\"1\" visible=\"1\" snaptogrid=\"1\"><control><ddsxmlobjectstreaminitwrapper binary=\"214334120800000022290000092300007856341207000000140100004d006f00640069006600690063006100740069006f006e0000000000000000000000000000000000000000000000000000000000000000000000000000000000000000000000000000000000000000000000000000000000000000000000000000000000000000000000000000000000000000000000000000000000000000000000000000000000000000000000000000000000000000000000000000000000000000000000000000000000000000000000000000000000000000000000000000000000000000000000000000000000000000000000000000000000000000000000000000000000000000000000000000000000000000000000000005000000540000002c0000002c0000002c0000003400000000000000000000002229000009230000000000002d0100000d0000000c000000070000001c0100000609000062070000480300001a040000df020000ec04000027060000b103000027060000cb070000550500000000000001000000391300003403000000000000000000000000000002000000020000001c010000060900000000000001000000391300003403000000000000000000000000000002000000020000001c010000060900000100000000000000391300003403000000000000000000000000000002000000020000001c010000060900000000000000000000d13100000923000000000000000000000d00000004000000040000001c01000006090000aa0a00009006000078563412040000006200000001000000010000000b000000000000000100000002000000030000000400000005000000060000000700000008000000090000000a00000004000000640062006f0000000d0000004d006f00640069006600690063006100740069006f006e000000\"/></control><layoutobject><ddsxmlobj><property name=\"ActiveTableViewMode\" value=\"0\" vartype=\"8\"/><property name=\"TableViewMode:0\" value=\"4,0,284,0,2310,1,1890,5,1260\" vartype=\"8\"/><property name=\"TableViewMode:1\" value=\"2,0,284,0,2310\" vartype=\"8\"/><property name=\"TableViewMode:2\" value=\"2,0,284,0,2310\" vartype=\"8\"/><property name=\"TableViewMode:3\" value=\"2,0,284,0,2310\" vartype=\"8\"/><property name=\"TableViewMode:4\" value=\"4,0,284,0,2310,12,2730,11,1680\" vartype=\"8\"/></ddsxmlobj></layoutobject><shape groupshapeid=\"0\" groupnode=\"0\"/></ddscontrol><ddscontrol semanticcookie=\"01003a0001000000640062006f00000046004b005f004d006f00640069006600690063006100740069006f006e005f00550073006500720073000000\" controlprogid=\"MSDDS.Polyline.080.1\" tooltip=\"Relationship \'FK_Modification_Users\' between \'Users\' and \'Modification\'\" left=\"-1620\" top=\"-379\" logicalid=\"30\" controlid=\"28\" masterid=\"0\" hint1=\"0\" hint2=\"0\" width=\"3720\" height=\"1087\" noresize=\"0\" nomove=\"0\" nodefaultattachpoints=\"1\" autodrag=\"0\" usedefaultiddshape=\"0\" selectable=\"1\" showselectionhandles=\"0\" allownudging=\"1\" isannotation=\"0\" dontautolayout=\"0\" groupcollapsed=\"0\" tabstop=\"1\" visible=\"1\" snaptogrid=\"0\"><control><ddsxmlobj><polyline endtypedst=\"0\" endtypesrc=\"2\" usercolor=\"15790320\" linestyle=\"0\" linerender=\"0\" customendtypedstid=\"0\" customendtypesrcid=\"0\" adornsvisible=\"1\"><adornment percentpos=\"24.6783625730994\" controlid=\"29\" width=\"3115\" height=\"344\" side=\"0\" behavior=\"3\" himetric=\"844\" distfromline=\"175\" startobj=\"0\" x=\"-378\" y=\"-219\" visible=\"0\" allowoverlap=\"1\" usepercent=\"1\"/></polyline></ddsxmlobj></control><layoutobject><ddsxmlobj/></layoutobject><connector sourceid=\"26\" destid=\"27\" sourceattachpoint=\"138\" destattachpoint=\"187\" segmenteditmode=\"0\" bendpointeditmode=\"0\" bendpointvisibility=\"0\" relatedid=\"0\" virtual=\"0\"><point x=\"1800\" y=\"300\"/><point x=\"240\" y=\"300\"/><point x=\"240\" y=\"0\"/><point x=\"-1320\" y=\"0\"/></connector></ddscontrol><ddscontrol semanticcookie=\"01f6287b9023012e\" controlprogid=\"MSDDS.Text.080.1\" left=\"-378\" top=\"-219\" logicalid=\"31\" controlid=\"29\" masterid=\"28\" hint1=\"0\" hint2=\"0\" width=\"3115\" height=\"344\" noresize=\"1\" nomove=\"0\" nodefaultattachpoints=\"1\" autodrag=\"1\" usedefaultiddshape=\"1\" selectable=\"1\" showselectionhandles=\"1\" allownudging=\"1\" isannotation=\"0\" dontautolayout=\"1\" groupcollapsed=\"0\" tabstop=\"0\" visible=\"0\" snaptogrid=\"0\"><control><ddsxmlobjectstreaminitwrapper binary=\"000200002b0c000058010000030000000000ffffff000800008001000000150001000000900144420100065461686f6d61150046004b005f004d006f00640069006600690063006100740069006f006e005f005500730065007200730000000000\"/></control><layoutobject><ddsxmlobj/></layoutobject><shape groupshapeid=\"0\" groupnode=\"0\"/></ddscontrol><ddscontrol semanticcookie=\"0100000001000000640062006f00000046004b005f004d006f00640069006600690063006100740069006f006e005f0050006c0061006e00740073000000\" controlprogid=\"MSDDS.Polyline.080.1\" tooltip=\"Relationship \'FK_Modification_Plants\' between \'Plants\' and \'Modification\'\" left=\"-14807\" top=\"-6151\" logicalid=\"32\" controlid=\"30\" masterid=\"0\" hint1=\"0\" hint2=\"0\" width=\"3257\" height=\"3681\" noresize=\"0\" nomove=\"0\" nodefaultattachpoints=\"1\" autodrag=\"0\" usedefaultiddshape=\"0\" selectable=\"1\" showselectionhandles=\"0\" allownudging=\"1\" isannotation=\"0\" dontautolayout=\"0\" groupcollapsed=\"0\" tabstop=\"1\" visible=\"1\" snaptogrid=\"0\"><control><ddsxmlobj><polyline endtypedst=\"0\" endtypesrc=\"2\" usercolor=\"15790320\" linestyle=\"0\" linerender=\"0\" customendtypedstid=\"0\" customendtypesrcid=\"0\" adornsvisible=\"1\"><adornment percentpos=\"65.4577191621412\" controlid=\"31\" width=\"3171\" height=\"344\" side=\"0\" behavior=\"3\" himetric=\"3375\" distfromline=\"175\" startobj=\"0\" x=\"-16924\" y=\"-2675\" visible=\"0\" allowoverlap=\"1\" usepercent=\"1\"/></polyline></ddsxmlobj></control><layoutobject><ddsxmlobj/></layoutobject><connector sourceid=\"1\" destid=\"27\" sourceattachpoint=\"137\" destattachpoint=\"148\" segmenteditmode=\"0\" bendpointeditmode=\"0\" bendpointvisibility=\"0\" relatedid=\"0\" virtual=\"0\"><point x=\"-14400\" y=\"-5456\"/><point x=\"-14400\" y=\"-2850\"/><point x=\"-11850\" y=\"-2850\"/></connector></ddscontrol><ddscontrol semanticcookie=\"01f6287b902a012e\" controlprogid=\"MSDDS.Text.080.1\" left=\"-16924\" top=\"-2675\" logicalid=\"33\" controlid=\"31\" masterid=\"30\" hint1=\"0\" hint2=\"0\" width=\"3171\" height=\"344\" noresize=\"1\" nomove=\"0\" nodefaultattachpoints=\"1\" autodrag=\"1\" usedefaultiddshape=\"1\" selectable=\"1\" showselectionhandles=\"1\" allownudging=\"1\" isannotation=\"0\" dontautolayout=\"1\" groupcollapsed=\"0\" tabstop=\"0\" visible=\"0\" snaptogrid=\"0\"><control><ddsxmlobjectstreaminitwrapper binary=\"00020000630c000058010000030000000000ffffff000800008001000000150001000000900144420100065461686f6d61160046004b005f004d006f00640069006600690063006100740069006f006e005f0050006c0061006e007400730000000000\"/></control><layoutobject><ddsxmlobj/></layoutobject><shape groupshapeid=\"0\" groupnode=\"0\"/></ddscontrol></dds>\r\n\0\0\0\0\0\0\0\0\0\0\0\0\0\0\0\0\0\0\0\0\0\0\0\0\0\0\0\0\0\0\0\0\0\0\0\0\0\0\0\0\0\0\0\0\0\0\0\0\0\0\0\0\0\0\0\0\0\0\0\0\0\0\0\0\0\0\0\0\0\0\0\0\0\0\0\0\0\0\0\0\0\0\0\0\0\0\0\0\0\0\0\0\0\0\0\0\0\0\0\0\0\0\0\0\0\0\0\0\0\0\0\0\0\0\0\0\0\0\0\0\0\0\0\0\0\0\0\0\0\0\0\0\0\0\0\0\0\0\0\0\0\0\0\0\0\0\0\0\0\0\0\0\0\0\0\0\0\0\0\0\0\0\0\0\0\0\0\0\0\0\0\0\0\0\0\0\0\0\0\0\0\0\0\0\0\0\0\0\0\0\0\0\0\0\0\0\0\0\0\0\0\0\0\0\0\0\0\0\0\0\0\0\0\0\0\0\0\0\0\0\0\0\0\0\0\0\0\0\0\0\0\0\0\0\0\0\0\0\0\0\0\0\0\0\0\0\0\0\0\0\0\0\0\0\0\0\0\0\0\0\0\0\0\0\0\0\0\0\0\0\0\0\0\0\0\0\0\0\0\0\0\0\0\0\0\0\0\0\0\0\0\0\0\0\0\0\0\0\0\0\0\0\0\0\0\0\0\0\0\0\0\0\0\0\0\0\0\0\0\0\0\0\0\0\0\0\0\0\0\0\0\0\0\0\0\0\0\0\0\0\0\0\0\0\0\0\0\0\0\0\0	\0\0\0\n\0\0\0\0\0\0\0\0\0\r\0\0\0\0\0\0\0\0\0\0\0\0\0\0\0\0\0\0\0\0\0\0\0\0\0\0\0\0\0\0\0\0Na\0\0\0\0\0\0\0\0\0\0\0\0\0\0\0\0\0\0\0\0\0\0\0\0\0\0\0\0\0\0\0\0\0\0\0\0\0\0\0\0\0\0\0\\\\Q\0\W9\0\0\0\'\'_\\0\0HE\0\0\0\0\0\0\0\0\0\0\0\0\0\0\0\0\0\0\0D\0a\0t\0a\0 \0S\0o\0u\0r\0c\0e\0=\0D\0E\0S\0K\0T\0O\0P\0-\00\0M\0C\02\0V\0K\08\0;\0I\0n\0i\0t\0i\0a\0l\0 \0C\0a\0t\0a\0l\0o\0g\0=\0\"\0G\0r\0e\0e\0n\0 \0C\0e\0l\0l\0 \0P\0r\0o\0j\0e\0c\0t\0\"\0;\0I\0n\0t\0e\0g\0r\0a\0t\0e\0d\0 \0S\0e\0c\0u\0r\0i\0t\0y\0=\0T\0r\0u\0e\0;\0M\0u\0l\0t\0i\0p\0l\0e\0 \0A\0c\0t\0i\0v\0e\0 \0R\0e\0s\0u\0l\0t\0 \0S\0e\0t\0s\0=\0F\0a\0l\0s\0e\0;\0C\0o\0n\0n\0e\0c\0t\0 \0T\0i\0m\0e\0o\0u\0t\0=\03\00\0;\0T\0r\0u\0s\0t\0 \0S\0e\0r\0v\0e\0r\0 \0C\0e\0r\0t\0i\0f\0i\0c\0a\0t\0e\0=\0F\0a\0l\0s\0e\0;\0P\0a\0c\0k\0e\0t\0 \0S\0i\0z\0e\0=\04\00\09\06\0;\0A\0p\0p\0l\0i\0c\0a\0t\0i\0o\0n\0 \0N\0a\0m\0e\0=\0\"\0M\0i\0c\0r\0o\0s\0o\0f\0t\0 \0S\0Q\0L\0 \0S\0e\0r\0v\0e\0r\0 \0M\0a\0n\0a\0g\0e\0m\0e\0n\0t\0 \0S\0t\0u\0d\0i\0o\0\"\0\0\0\0\0\0\0\0D\0i\0a\0g\0r\0a\0m\0_\00\0\0\0\0&\0\0\0\0U\0s\0e\0r\0s\0\0\0\0\0\0d\0b\0o\0\0\0\0&\0\0\0\0G\0e\0n\0e\0r\0a\0\0\0\0\0\0d\0b\0o\0\0\0\0&\0\0\0\0F\0a\0m\0i\0l\0i\0e\0s\0\0\0\0\0\0d\0b\0o\0\0\0\0&\0\0\0\0O\0r\0d\0e\0r\0s\0\0\0\0\0\0d\0b\0o\0\0\0\0&\0\0\0\0C\0l\0a\0s\0s\0e\0s\0\0\0\0\0\0d\0b\0o\0\0\0\0&\0(\0\0\0P\0l\0a\0n\0t\0s\0_\0C\0o\0m\0m\0o\0n\0_\0N\0a\0m\0e\0s\0\0\0\0\0\0d\0b\0o\0\0\0\0&\0\Z\0\0\0C\0o\0m\0m\0o\0n\0_\0N\0a\0m\0e\0s\0\0\0\0\0\0d\0b\0o\0\0\0\0&\0\0\0\0C\0a\0t\0e\0g\0o\0r\0i\0e\0s\0\0\0\0\0\0d\0b\0o\0\0\0\0&\0(\0\0\0C\0o\0n\0s\0e\0r\0v\0a\0t\0i\0o\0n\0_\0S\0t\0a\0t\0u\0s\0\0\0\0\0\0d\0b\0o\0\0\0\0&\0\0\0\0P\0l\0a\0n\0t\0s\0\0\0\0\0\0d\0b\0o\0\0\0\0$\0\Z\0\0\0M\0o\0d\0i\0f\0i\0c\0a\0t\0i\0o\0n\0\0\0\0\0\0d\0b\0o\0\0\0\0\0\0օ	kE7d2p\0N\0\0\0{\01\06\03\04\0C\0D\0D\07\0-\00\08\08\08\0-\04\02\0E\03\0-\09\0F\0A\02\0-\0B\06\0D\03\02\05\06\03\0B\09\01\0D\0}\0\0\0\0\0\0\0\0\0\0\0\0\0\0\0\0\0\0\0\0\0\0\0\0\0\0\0\0\0\0\0\0\0\0\0\0\0\0\0\0\0\0\0\0\0\0\0\0\0\0\0\0\0\0\0\0\0\0\0\0\0\0\0\0\0\0\0\0\0\0\0\0\0\0\0\0\0\0\0\0\0\0\0\0\0\0\0\0\0\0\0\0\0\0\0\0\0\0\0\0\0\0\0\0\0\0\0\0\0\0\0\0\0\0\0\0\0\0\0\0\0\0\0\0\0\0\0\0\0\0\0\0\0\0\0\0\0\0\0\0\0\0\0\0\0\0\0\0\0\0\0\0\0\0\0\0\0\0\0\0\0\0\0\0\0\0\0\0\0\0\0\0\0\0\0\0\0\0\0\0\0\0\0\0\0\0\0\0\0\0\0\0\0\0\0\0\0\0\0\0\0\0\0\0\0\0\0\0\0\0\0\0\0\0\0\0\0\0\0\0\0\0\0\0\0\0\0\0\0\0\0\0\0\0\0\0\0\0\0\0\0\0\0\0\0\0\0\0\0\0\0\0\0\0\0\0\0\0\0\0\0\0\0\0\0\0\0\0\0\0\0\0\0\0\0\0\0\0\0\0\0\0\0\0\0\0\0\0\0\0\0\0\0\0\0\0\0\0\0\0\0\0\0\0\0\0\0\0\0\0\0\0\0\0\0\0\0\0\0\0\0\0\0S\0c\0h\0e\0m\0a\0 \0U\0D\0V\0 \0D\0e\0f\0a\0u\0l\0t\0 \0P\0o\0s\0t\0 \0V\06\0\0\0\0\0\0\0\0\0\0\0\0\06\0\0\0\0\0\0\0\0\0\0\0\0\0\0\0\0\0\0\0\0\0\0\0\0\0\0\0\0\0\0\0\0\0\0\0\0\0\0\0\0\0\0\0\0\0\0\0\0\0\0\0\0\0\0\0\0\0\0\0\0\0\0\0\0\0\0\0\0\0\0\0\0\0\0\0\0\0\0\0\0\0\0\0\0\0\0\0\0\0\0\0\0\0\0\0\0\0\0\0\0\0\0\0\0\0\0\0\0\0\0\0\0\0\0\0\0\0\0\0\0\0\0\0\0\0\0\0\0\0\0\0\0\0\0\0\0\0\0\0\0\0\0\0\0\0\0\0\0\0\0\0\0\0\0\0\0\0\0\0\0\0\0\0\0\0\0\0\0\0\0\0\0\0\0\0\0\0\0\0\0\0\0\0\0\0\0\0\0\0\0\0\0\0\0\0\0\0\0\0\0\0\0\0\0\0\0\0\0\0\0\0\0\0\0\0\0\0\0\0\0\0\0\0\0\0\0\0\0\0\0\0\0\0\0\0\0\0\0\0\0\0\0\0\0\0\0\0\0\0\0\0\0\0\0\0\0\0\0\0\0\0\0\0\0\0\0\0\0\0\0\0\0\0\0\0\0\0\0\0\0\0\0\0\0\0\0\0\0\0\0\0\0\0\0\0\0\0\0\0\0\0\0\0\0\0\0\0\0\0\0\0\0\0\0\0\0\0\0\0\0\0\0\0\0\0\0\0\0\0\0\0\0\0\0\0\0\0\0\0\0\0\0\0\0\0\0\0\0\0\0\0\0\0\0\0\0\0\0\0\0\0\0\0\0\0\0\0\0\0\0\0\0\0\0\0\0\0\0\0\0\0\0\0\0\0\0\0\0\0\0\0\0\0\0\0\0bR');
/*!40000 ALTER TABLE `sysdiagrams` ENABLE KEYS */;
UNLOCK TABLES;

--
-- Table structure for table `users`
--

DROP TABLE IF EXISTS `users`;
/*!40101 SET @saved_cs_client     = @@character_set_client */;
/*!50503 SET character_set_client = utf8mb4 */;
CREATE TABLE `users` (
  `User_Id` int NOT NULL,
  `User_Name` varchar(50) CHARACTER SET utf8mb4 COLLATE utf8mb4_0900_ai_ci NOT NULL,
  `User_Nick` varchar(50) CHARACTER SET utf8mb4 COLLATE utf8mb4_0900_ai_ci NOT NULL,
  `User_Password` varchar(15) CHARACTER SET utf8mb4 COLLATE utf8mb4_0900_ai_ci NOT NULL,
  `Administrator_Status` tinyint(1) NOT NULL,
  PRIMARY KEY (`User_Id`)
) ENGINE=InnoDB DEFAULT CHARSET=utf8mb4 COLLATE=utf8mb4_0900_ai_ci;
/*!40101 SET character_set_client = @saved_cs_client */;

--
-- Dumping data for table `users`
--

LOCK TABLES `users` WRITE;
/*!40000 ALTER TABLE `users` DISABLE KEYS */;
/*!40000 ALTER TABLE `users` ENABLE KEYS */;
UNLOCK TABLES;

--
-- Dumping routines for database 'green cell project'
--
/*!50003 DROP PROCEDURE IF EXISTS `ppPlant` */;
/*!50003 SET @saved_cs_client      = @@character_set_client */ ;
/*!50003 SET @saved_cs_results     = @@character_set_results */ ;
/*!50003 SET @saved_col_connection = @@collation_connection */ ;
/*!50003 SET character_set_client  = utf8mb4 */ ;
/*!50003 SET character_set_results = utf8mb4 */ ;
/*!50003 SET collation_connection  = utf8mb4_0900_ai_ci */ ;
/*!50003 SET @saved_sql_mode       = @@sql_mode */ ;
/*!50003 SET sql_mode              = 'ONLY_FULL_GROUP_BY,STRICT_TRANS_TABLES,NO_ZERO_IN_DATE,NO_ZERO_DATE,ERROR_FOR_DIVISION_BY_ZERO,NO_ENGINE_SUBSTITUTION' */ ;
DELIMITER ;;
CREATE DEFINER=`root`@`localhost` PROCEDURE `ppPlant`(
in id int
)
BEGIN
select	Categories_Name, 
			Cons_Status_Name, 
			Genus_Name, 
			Plant_Scient_Name, 
			Species_Name,
			Family_Name,
			Order_Name,
			Class_Name from Plants p
				inner join Categories c on p.Categories_Id = c.Categories_Id
				inner join Conservation_Status cs on p.Cons_Status_Id = cs.Cons_Status_Id
				inner join Genera g on p.Genus_Id = g.Genus_Id 
				inner join Families f on g.Family_Id = f.Family_Id
				inner join Orders o on f.Order_Id = o.Order_Id
				inner join Classes cl on o.Class_Id = cl.Class_Id
			where Plant_Id = id;
END ;;
DELIMITER ;
/*!50003 SET sql_mode              = @saved_sql_mode */ ;
/*!50003 SET character_set_client  = @saved_cs_client */ ;
/*!50003 SET character_set_results = @saved_cs_results */ ;
/*!50003 SET collation_connection  = @saved_col_connection */ ;
/*!50003 DROP PROCEDURE IF EXISTS `ppSearch` */;
/*!50003 SET @saved_cs_client      = @@character_set_client */ ;
/*!50003 SET @saved_cs_results     = @@character_set_results */ ;
/*!50003 SET @saved_col_connection = @@collation_connection */ ;
/*!50003 SET character_set_client  = utf8mb4 */ ;
/*!50003 SET character_set_results = utf8mb4 */ ;
/*!50003 SET collation_connection  = utf8mb4_0900_ai_ci */ ;
/*!50003 SET @saved_sql_mode       = @@sql_mode */ ;
/*!50003 SET sql_mode              = 'ONLY_FULL_GROUP_BY,STRICT_TRANS_TABLES,NO_ZERO_IN_DATE,NO_ZERO_DATE,ERROR_FOR_DIVISION_BY_ZERO,NO_ENGINE_SUBSTITUTION' */ ;
DELIMITER ;;
CREATE DEFINER=`root`@`localhost` PROCEDURE `ppSearch`(
in search_content varchar(50), 
in pag_num int
)
BEGIN

    SET @contador = 0;
    SET @var = pag_num * 10;

    SELECT Plant_Scient_Name, link from (
    select
        (@contador:= @contador + 1) as c,
        Plant_Scient_Name,
        Plant_Id AS link
    FROM Plants
    WHERE Plant_Scient_Name LIKE concat('%', search_content, '%') 
    OR Species_Name LIKE concat('%', search_content, '%') 
    ORDER BY Plant_Id)  as a
     where c > @var and c <= @var + 10 ;

Select COUNT(Plant_Id) as count
		from Plants 
		where Plant_Scient_Name like concat('%',search_content,'%') 
			or Species_Name like concat('%',search_content,'%');
END ;;
DELIMITER ;
/*!50003 SET sql_mode              = @saved_sql_mode */ ;
/*!50003 SET character_set_client  = @saved_cs_client */ ;
/*!50003 SET character_set_results = @saved_cs_results */ ;
/*!50003 SET collation_connection  = @saved_col_connection */ ;
/*!40103 SET TIME_ZONE=@OLD_TIME_ZONE */;

/*!40101 SET SQL_MODE=@OLD_SQL_MODE */;
/*!40014 SET FOREIGN_KEY_CHECKS=@OLD_FOREIGN_KEY_CHECKS */;
/*!40014 SET UNIQUE_CHECKS=@OLD_UNIQUE_CHECKS */;
/*!40101 SET CHARACTER_SET_CLIENT=@OLD_CHARACTER_SET_CLIENT */;
/*!40101 SET CHARACTER_SET_RESULTS=@OLD_CHARACTER_SET_RESULTS */;
/*!40101 SET COLLATION_CONNECTION=@OLD_COLLATION_CONNECTION */;
/*!40111 SET SQL_NOTES=@OLD_SQL_NOTES */;

-- Dump completed on 2023-08-08 13:58:40
